SET FOREIGN_KEY_CHECKS = 0;

INSERT INTO `ls_course` (`id`, `type`, `name`, `category_id`, `teacher_id`, `synopsis`, `cover`, `content`, `fee_type`, `sell_price`, `line_price`, `virtual_study_num`, `study_num`, `status`, `is_choice`, `sort`, `distribution_status`, `distribution_rule`, `create_time`, `update_time`, `delete_time`) VALUES (1, 1, '儿童插画零基础包教包会', 8, 2, '儿童插画零基础包教包会', 'uploads/images/20221207171847121637385.png', '<p><span style=\"color: rgb(102, 114, 128); background-color: rgb(255, 255, 255); font-size: 16px;\">需要领取课前资料的同学可以加群联系小白老师领取资料 <br>给你开通直播观看权限，发送学习资料哦~ </span></p><p><span style=\"color: rgb(102, 114, 128); background-color: rgb(255, 255, 255); font-size: 16px;\"><u><strong>加群即可领取插画资料学习包 &nbsp;群号：000000000</strong></u></span><span style=\"color: rgb(102, 114, 128); background-color: rgb(255, 255, 255); font-size: 16px;\"> </span></p><p><img src=\"/uploads/images/20221207171847121637385.png\" alt=\"\" data-href=\"\" style=\"\"/><span style=\"color: rgb(102, 114, 128); background-color: rgb(255, 255, 255); font-size: 24px;\"><br></span></p>', 0, 0.00, 0.00, 56, 1, 1, 1, 0, 0, 1, 1670403425, 1670404791, NULL);

INSERT INTO `ls_course` (`id`, `type`, `name`, `category_id`, `teacher_id`, `synopsis`, `cover`, `content`, `fee_type`, `sell_price`, `line_price`, `virtual_study_num`, `study_num`, `status`, `is_choice`, `sort`, `distribution_status`, `distribution_rule`, `create_time`, `update_time`, `delete_time`) VALUES (2, 1, 'Java基础入门——JavaSE核心技术 ', 2, 1, '本课程从零开始，以通俗易懂的方式讲解Java入门，教你学习每一个知识点。', 'uploads/images/20221207172147aea632933.png', '<p><span style=\"color: rgb(77, 85, 93); background-color: rgb(255, 255, 255); font-size: 14px;\">涵盖Java程序结构、开发环境搭建、常量与变量、运算符<br>通过Java语言实现面向对象的三大特征继承、封装、多态<br>介绍最常用的Java工具类，包括异常、包装器类、字符串处理类</span></p>', 1, 998.00, 1298.00, 0, 0, 1, 0, 0, 0, 1, 1670405738, 1670559342, 1670559342);

INSERT INTO `ls_course` (`id`, `type`, `name`, `category_id`, `teacher_id`, `synopsis`, `cover`, `content`, `fee_type`, `sell_price`, `line_price`, `virtual_study_num`, `study_num`, `status`, `is_choice`, `sort`, `distribution_status`, `distribution_rule`, `create_time`, `update_time`, `delete_time`) VALUES (3, 1, 'Java面向对象基础', 2, 2, 'Java面向对象基础', 'uploads/images/20221207172147aea632933.png', '<p><span style=\"color: rgb(51, 51, 51); background-color: rgb(255, 255, 255); font-size: 14px;\">《Java面向对象基础》面向对象一章在内容上更详尽，且增加了贴近实际问题的综合应用题，从中可以理解如何应用Java语言编写出符合面向对象思想的代码。基本结构程序部分由于其基础性。</span></p>', 1, 398.00, 998.00, 0, 0, 1, 0, 0, 0, 1, 1670406410, 1670559347, 1670559347);

INSERT INTO `ls_course` (`id`, `type`, `name`, `category_id`, `teacher_id`, `synopsis`, `cover`, `content`, `fee_type`, `sell_price`, `line_price`, `virtual_study_num`, `study_num`, `status`, `is_choice`, `sort`, `distribution_status`, `distribution_rule`, `create_time`, `update_time`, `delete_time`) VALUES (4, 1, '职场晋升之职业规划有多重要', 10, 2, '职场有职场的生存法则,下面小编跟大家分享职场生存法则,以供参考!', 'uploads/images/2022120911170373b064075.png', '<p><img src=\"/uploads/images/2022120911170373b064075.png\" alt=\"\" data-href=\"\" style=\"width: 366.00px;height: 274.50px;\"/></p><p style=\"line-height: 2;\"><span style=\"font-size: 16px;\">职场晋升系列</span></p><p style=\"line-height: 2;\"><span style=\"font-size: 16px;\">1.为什么需要工作</span></p><p style=\"line-height: 2;\"><span style=\"font-size: 16px;\">2.工作与爱好对比</span></p><p style=\"line-height: 2;\"><span style=\"font-size: 16px;\">3.凭什么晋升的是你</span></p><p style=\"line-height: 2;\"><span style=\"font-size: 16px;\">4.我们的职场系列课程</span></p>', 1, 29.00, 0.00, 0, 0, 1, 1, 0, 0, 1, 1670407223, 1670573147, NULL);

INSERT INTO `ls_course` (`id`, `type`, `name`, `category_id`, `teacher_id`, `synopsis`, `cover`, `content`, `fee_type`, `sell_price`, `line_price`, `virtual_study_num`, `study_num`, `status`, `is_choice`, `sort`, `distribution_status`, `distribution_rule`, `create_time`, `update_time`, `delete_time`) VALUES (5, 1, 'web前端技术', 3, 1, 'web前端技术有：1、HTML，是一种制作万维网页面的标准语言，它消除了不同计算机之间信息交流的障碍；2、CSS，可以帮助把网页外观做得更加美观；3、JavaScript，是一种轻量级的解释型编程语言；4、jQuery，使用户能更方便地处理HTML documents、events、实现动画效果，并且方便地为网站提供AJAX交互；5、AJAX，创建交互式网页应用的网页开发技术。', 'uploads/images/20221207172147aea632933.png', '<p style=\"text-align: start;\">Web前端开发作为前端技术的重要组成，一直占据着重要的地位，整个IT行业内有大量的前端开发从业者，随着移动互联网、大数据和人工智能的发展，目前前端的知识体系也在逐渐丰富。</p><p style=\"text-align: start;\">熟悉Web前端工作的小伙伴都知道Web中有很多的技术，想要成为一名合格的Web前端工程师你必须要一项一项的掌握技术，如Html、css、ajax、jquery、extjs、JavaScript。</p>', 0, 0.00, 0.00, 0, 0, 0, 0, 0, 0, 1, 1670407380, 1670559351, 1670559351);

INSERT INTO `ls_course` (`id`, `type`, `name`, `category_id`, `teacher_id`, `synopsis`, `cover`, `content`, `fee_type`, `sell_price`, `line_price`, `virtual_study_num`, `study_num`, `status`, `is_choice`, `sort`, `distribution_status`, `distribution_rule`, `create_time`, `update_time`, `delete_time`) VALUES (6, 2, '配音训练课程', 10, 3, '带您练习配音技巧', 'uploads/images/20221207172147aea632933.png', '<p>配音时的各种技巧练习</p>', 1, 299.00, 660.00, 645, 0, 1, 0, 0, 0, 1, 1670410127, 1670571242, 1670571242);

INSERT INTO `ls_course` (`id`, `type`, `name`, `category_id`, `teacher_id`, `synopsis`, `cover`, `content`, `fee_type`, `sell_price`, `line_price`, `virtual_study_num`, `study_num`, `status`, `is_choice`, `sort`, `distribution_status`, `distribution_rule`, `create_time`, `update_time`, `delete_time`) VALUES (7, 2, '经典儿童歌曲（合集）', 17, 3, '许多童谣歌曲', 'uploads/images/2022120915324170b5a2962.png', '<p><img src=\"/uploads/images/2022120915324170b5a2962.png\" alt=\"\" data-href=\"\" style=\"\"/></p><p style=\"line-height: 2;\"><span style=\"font-size: 16px;\">很多经典好听的童谣歌曲</span></p>', 0, 0.00, 0.00, 223, 1, 0, 1, 0, 0, 1, 1670410614, 1670571231, NULL);

INSERT INTO `ls_course` (`id`, `type`, `name`, `category_id`, `teacher_id`, `synopsis`, `cover`, `content`, `fee_type`, `sell_price`, `line_price`, `virtual_study_num`, `study_num`, `status`, `is_choice`, `sort`, `distribution_status`, `distribution_rule`, `create_time`, `update_time`, `delete_time`) VALUES (8, 2, '各种提示音合集', 17, 1, '各种提示音合集，免费试听', 'uploads/images/202212071901347745f7273.png', '<p><br></p>', 0, 0.00, 0.00, 128, 0, 1, 1, 0, 0, 1, 1670410941, 1670411019, 1670411019);

INSERT INTO `ls_course` (`id`, `type`, `name`, `category_id`, `teacher_id`, `synopsis`, `cover`, `content`, `fee_type`, `sell_price`, `line_price`, `virtual_study_num`, `study_num`, `status`, `is_choice`, `sort`, `distribution_status`, `distribution_rule`, `create_time`, `update_time`, `delete_time`) VALUES (9, 1, '大学英语四级词汇', 15, 2, '四级词汇', 'uploads/images/20221207172147aea632933.png', '<p>词汇是英语学习的重中之重，没有词汇基础，一切都是竹篮打水一场空。词汇是巩固知识必不可少的环节，快来一起学习吧!</p>', 1, 99.00, 129.00, 213, 0, 1, 0, 0, 0, 1, 1670481679, 1670559355, 1670559355);

INSERT INTO `ls_course` (`id`, `type`, `name`, `category_id`, `teacher_id`, `synopsis`, `cover`, `content`, `fee_type`, `sell_price`, `line_price`, `virtual_study_num`, `study_num`, `status`, `is_choice`, `sort`, `distribution_status`, `distribution_rule`, `create_time`, `update_time`, `delete_time`) VALUES (10, 1, '作文写作', 15, 2, '通过万能句型的使用，带您学习大学四级英语作文的写作技巧', 'uploads/images/20221207172147aea632933.png', '<p>通过万能句型的使用，带您学习大学四级英语作文的写作技巧</p>', 1, 998.00, 2313.00, 213, 0, 1, 0, 0, 0, 1, 1670482059, 1670555849, 1670555849);

INSERT INTO `ls_course` (`id`, `type`, `name`, `category_id`, `teacher_id`, `synopsis`, `cover`, `content`, `fee_type`, `sell_price`, `line_price`, `virtual_study_num`, `study_num`, `status`, `is_choice`, `sort`, `distribution_status`, `distribution_rule`, `create_time`, `update_time`, `delete_time`) VALUES (11, 3, 'Java架构师入门实战', 2, 1, 'Java基础入门——JavaSE核心技术', 'uploads/images/20221209121227d50b02037.jpg', '<p>Java基础入门——JavaSE核心技术目录</p>', 1, 198.00, 0.00, 120, 0, 1, 1, 0, 0, 1, 1670559256, 1670571834, NULL);

INSERT INTO `ls_course` (`id`, `type`, `name`, `category_id`, `teacher_id`, `synopsis`, `cover`, `content`, `fee_type`, `sell_price`, `line_price`, `virtual_study_num`, `study_num`, `status`, `is_choice`, `sort`, `distribution_status`, `distribution_rule`, `create_time`, `update_time`, `delete_time`) VALUES (12, 2, '经典儿童歌曲（合集2）', 17, 2, '音乐老师', 'uploads/images/2022120915324170b5a2962.png', '<p><img src=\"/uploads/images/2022120915324170b5a2962.png\" alt=\"\" data-href=\"\" style=\"\"/></p><p style=\"line-height: 2;\"><span style=\"font-size: 16px;\">总共有三节目录，购买即可学习</span></p>', 1, 99.00, 0.00, 56, 0, 1, 1, 0, 0, 1, 1670571578, 1670571578, NULL);

INSERT INTO `ls_course_catalogue` (`id`, `course_id`, `name`, `fee_type`, `cover`, `content`, `duration`, `sort`, `status`, `create_time`, `update_time`, `delete_time`) VALUES (1, 2, '变量', 0, '', '<p>1、变量</p><p>1.1、变量的概述 &nbsp;</p>', 0, 0, 1, 1670406750, 1670406886, NULL);

INSERT INTO `ls_course_catalogue` (`id`, `course_id`, `name`, `fee_type`, `cover`, `content`, `duration`, `sort`, `status`, `create_time`, `update_time`, `delete_time`) VALUES (2, 2, '常量', 0, '', '<p>常量的概述</p><p>常量是指在程序运行过程中其值不能改变的量。</p><p>常量的类型</p><p>Java中常量的分类：</p><p><br></p><p> &nbsp; &nbsp;整数常量 ： 所有整数</p><p><br></p><p> &nbsp; &nbsp;小数常量 ： 所有小数</p><p><br></p><p> &nbsp; &nbsp;布尔常量 ： 只有true和false</p><p><br></p><p> &nbsp; &nbsp;字符常量 ：使用’’引起来的单个字符</p><p><br></p><p> &nbsp; &nbsp;字符串常量 ：使用“”引起来的字符序列，“” &nbsp;、“a” 、” ” </p><p><br></p><p> &nbsp; &nbsp;null常量 ： 只有一个值null</p>', 0, 0, 1, 1670406927, 1670406927, NULL);

INSERT INTO `ls_course_catalogue` (`id`, `course_id`, `name`, `fee_type`, `cover`, `content`, `duration`, `sort`, `status`, `create_time`, `update_time`, `delete_time`) VALUES (3, 2, '标识符', 1, '', '<p>什么是标识符</p><p>标识符的规则</p>', 0, 0, 1, 1670407035, 1670407035, NULL);

INSERT INTO `ls_course_catalogue` (`id`, `course_id`, `name`, `fee_type`, `cover`, `content`, `duration`, `sort`, `status`, `create_time`, `update_time`, `delete_time`) VALUES (4, 4, '1.为什么需要工作', 0, '', '<p><span style=\"color: rgb(32, 33, 36); background-color: rgb(255, 255, 255);\">新人入职如果只是埋头做事，最后顶多是个兵，当不了将。所谓做人不过就是多笑点，多帮点，有事儿多主动点，这些“多”不会让你累死，但是会让你很快能融入这个团队，让大家记得你。</span></p><p><span style=\"color: rgb(32, 33, 36); background-color: rgb(255, 255, 255);\">多笑，多说，多问，少气，少打听。每个人都喜欢正能量的新人，背后打听和筹划一些扯淡的事儿，是很二的，因为你根本不知道你打听的对象，谁是你的领导的对头，也不会知道你打听的问题会怎么被添油加醋的传到谁的耳朵里。</span></p><p><span style=\"color: rgb(32, 33, 36); background-color: rgb(255, 255, 255);\">所以，做积极正能量的自己。多说几个“我试试看”，少说几个“没问题”以及“我不行”，或许是最好的打开局面的办法。</span></p>', 0, 0, 1, 1670407347, 1670570334, NULL);

INSERT INTO `ls_course_catalogue` (`id`, `course_id`, `name`, `fee_type`, `cover`, `content`, `duration`, `sort`, `status`, `create_time`, `update_time`, `delete_time`) VALUES (5, 4, ' 2.工作与爱好对比', 1, '', '<p><span style=\"color: rgb(32, 33, 36); background-color: rgb(255, 255, 255);\">坦白说，新人来了就是干活，帮领导分担工作。所以做事是肯定必要的。领导为了让你做的事情能多快好省，可能会交代你一些流程或者经验，但是他能不能和你分享更多，取决于你的工作成绩和态度，以及你怎么对他。因为他没必要教你，而且教会徒弟饿死师傅这样的事情不少，他凭什么教你？</span></p><p><br></p><p><span style=\"color: rgb(32, 33, 36); background-color: rgb(255, 255, 255);\">浅薄的讨好固然是受用，但是不会太奏效。大家都是老油条出身，还能败给你这种小伎俩？所以真心对他人是必要也是根本。</span></p><p><br></p><p><span style=\"color: rgb(32, 33, 36); background-color: rgb(255, 255, 255);\">所谓的真心不是让你关心领导家门牌几号，生日多少，而是帮他做一个会议列表，提前发一个会议通知，吃早饭的时候发个短信问他要不要带杯咖啡，其实不过是最基本的人情往来。任何培训都需要交学费，你上班做下属，用不着学费，那好歹也要一点人情投资不是么？</span></p>', 0, 0, 1, 1670407437, 1670570211, NULL);

INSERT INTO `ls_course_catalogue` (`id`, `course_id`, `name`, `fee_type`, `cover`, `content`, `duration`, `sort`, `status`, `create_time`, `update_time`, `delete_time`) VALUES (6, 5, '1、HTML', 0, '', '<p style=\"text-align: start;\">掌握HTML是网页的核心，是一种制作万维网页面的标准语言，是万维网浏览器使用的一种语言，它消除了不同计算机之间信息交流的障碍。因此，它是目前网络上应用最为广泛的语言，也是构成网页文档的主要语言，学好HTML是成为Web前端开发人员的基本条件。</p><p style=\"text-align: start;\">HTML是一种标记语言，能够实现Web页面并在浏览器中显示。HTML5作为HTML的最新版本，引入了多项新技术，大大增强了对于应用的支持能力，使得Web技术不再局限于呈现网页内容。</p><p style=\"text-align: start;\">随着CSS、JavaScript、Flash等技术的发展，Web对于应用的处理能力逐渐增强，用户浏览网页的体验已经有了较大的改善。不过HTML5中的几项新技术实现了质的突破，使得Web技术首次被认为能够接近于本地原生应用技术，开发Web应用真正成为开发者的一个选择。</p><p style=\"text-align: start;\">HTML5可以使开发者的工作大大简化，理论上单次开发就可以在不同平台借助浏览器运行，降低开发的成本，这也是产业界普遍认为HTML5技术的主要优点之一。AppMobi、摩托罗拉、Sencha、Appcelerator等公司均已推出了较为成熟的开发工具，支持HTML5应用的发展。</p><p style=\"text-align: start;\"><br></p>', 0, 0, 0, 1670407540, 1670407719, NULL);

INSERT INTO `ls_course_catalogue` (`id`, `course_id`, `name`, `fee_type`, `cover`, `content`, `duration`, `sort`, `status`, `create_time`, `update_time`, `delete_time`) VALUES (7, 5, '2、CSS', 0, '', '<p>学好CSS是网页外观的重要一点，CSS可以帮助把网页外观做得更加美观。</p>', 0, 0, 1, 1670407709, 1670407709, NULL);

INSERT INTO `ls_course_catalogue` (`id`, `course_id`, `name`, `fee_type`, `cover`, `content`, `duration`, `sort`, `status`, `create_time`, `update_time`, `delete_time`) VALUES (8, 5, '3、JavaScript', 0, '', '<p style=\"text-align: start;\">学习JavaScript的基本语法，以及如何使用JavaScript编程将会提高开发人员的个人技能。</p><p style=\"text-align: start;\">JavaScript是一种轻量级的解释型编程语言，它旨在创建以网络为中心的应用程序。JavaScript非常容易实现，因为它与HTML集成在一起；它是开放和跨平台的。</p><p style=\"text-align: start;\">javascript的作用：</p><ul style=\"text-align: start;\"><li>1）、使网页具有交互性，例如响应用户点击，给用户提供更好的体验</li><li>2）、可以处理表单，检验用户的输入，并提供及时反馈节省用户时间。例如，表单中要你输入电子邮箱而你却输入一个手机号，那么应该给你一个提醒。</li><li>3）、还可以根据用户的操作，动态的创建页面。例如，发邮件时，添加附件操作。</li><li>4）、设置cookie，cookie是存储在浏览器上的一些临时信息，例如你浏览过的网站地址，使用过的用户名</li><li>5）、JavaScript 使有规律地重复的HTML文段简化，减少下载时间。</li><li>6）、浏览器与服务器进行数据通讯，比如现在最流行的Ajax异步传输；</li><li>7）、更丰富的界面，可以使用JavaScript来包含诸如拖放组件和滑块之类的项目，以便为您的站点访问者提供丰富的界面。</li></ul>', 0, 0, 0, 1670407753, 1670407753, NULL);

INSERT INTO `ls_course_catalogue` (`id`, `course_id`, `name`, `fee_type`, `cover`, `content`, `duration`, `sort`, `status`, `create_time`, `update_time`, `delete_time`) VALUES (9, 3, '1231', 0, '', '<p><br></p>', 0, 0, 0, 1670410869, 1670410874, 1670410874);

INSERT INTO `ls_course_catalogue` (`id`, `course_id`, `name`, `fee_type`, `cover`, `content`, `duration`, `sort`, `status`, `create_time`, `update_time`, `delete_time`) VALUES (10, 3, '667', 1, '', '<p><br></p>', 0, 0, 0, 1670410879, 1670411056, 1670411056);

INSERT INTO `ls_course_catalogue` (`id`, `course_id`, `name`, `fee_type`, `cover`, `content`, `duration`, `sort`, `status`, `create_time`, `update_time`, `delete_time`) VALUES (11, 3, '667777777777', 0, '', '<p><br></p>', 0, 56, 0, 1670410904, 1670411053, 1670411053);

INSERT INTO `ls_course_catalogue` (`id`, `course_id`, `name`, `fee_type`, `cover`, `content`, `duration`, `sort`, `status`, `create_time`, `update_time`, `delete_time`) VALUES (12, 7, '拔萝卜 领着萌宝体验农田生活一起拔萝卜', 0, '', 'uploads/audio/20221207190441348c86227.mp3', 0, 0, 1, 1670411105, 1670571284, NULL);

INSERT INTO `ls_course_catalogue` (`id`, `course_id`, `name`, `fee_type`, `cover`, `content`, `duration`, `sort`, `status`, `create_time`, `update_time`, `delete_time`) VALUES (13, 7, '三个和尚 没有水喝和尚们会怎么办', 0, '', 'uploads/audio/202212071905362b80d6566.mp3', 0, 0, 1, 1670411147, 1670571344, NULL);

INSERT INTO `ls_course_catalogue` (`id`, `course_id`, `name`, `fee_type`, `cover`, `content`, `duration`, `sort`, `status`, `create_time`, `update_time`, `delete_time`) VALUES (14, 4, ' 3.凭什么晋升的是你', 1, '', '<p><img src=\"uploads/images/2022120911170373b064075.png\" alt=\"\" data-href=\"\" style=\"\"/></p>', 0, 0, 1, 1670570231, 1670570231, NULL);

INSERT INTO `ls_course_catalogue` (`id`, `course_id`, `name`, `fee_type`, `cover`, `content`, `duration`, `sort`, `status`, `create_time`, `update_time`, `delete_time`) VALUES (15, 4, ' 4.我们的职场系列课程', 1, '', '<p>请购买完整课程</p>', 0, 0, 1, 1670570262, 1670570262, NULL);

INSERT INTO `ls_course_catalogue` (`id`, `course_id`, `name`, `fee_type`, `cover`, `content`, `duration`, `sort`, `status`, `create_time`, `update_time`, `delete_time`) VALUES (16, 7, '好妈妈 妈妈的爱有多伟大 听了儿歌去抱抱妈妈', 0, '', 'uploads/audio/202212071905362b80d6566.mp3', 0, 0, 1, 1670571437, 1670571437, NULL);

INSERT INTO `ls_course_catalogue` (`id`, `course_id`, `name`, `fee_type`, `cover`, `content`, `duration`, `sort`, `status`, `create_time`, `update_time`, `delete_time`) VALUES (17, 12, '拔萝卜 领着萌宝体验农田生活一起拔萝卜', 0, '', 'uploads/audio/202212071905362b80d6566.mp3', 0, 0, 1, 1670571746, 1670571989, NULL);

INSERT INTO `ls_course_catalogue` (`id`, `course_id`, `name`, `fee_type`, `cover`, `content`, `duration`, `sort`, `status`, `create_time`, `update_time`, `delete_time`) VALUES (18, 12, '三个和尚 没有水喝和尚们会怎么办', 1, '', 'uploads/audio/20221207190441348c86227.mp3', 0, 0, 1, 1670571760, 1670571760, NULL);

INSERT INTO `ls_course_catalogue` (`id`, `course_id`, `name`, `fee_type`, `cover`, `content`, `duration`, `sort`, `status`, `create_time`, `update_time`, `delete_time`) VALUES (19, 12, '好妈妈 妈妈的爱有多伟大 听了儿歌去抱抱妈妈', 1, '', 'uploads/audio/202212071905362b80d6566.mp3', 0, 0, 1, 1670571775, 1670571775, NULL);

INSERT INTO `ls_course_catalogue` (`id`, `course_id`, `name`, `fee_type`, `cover`, `content`, `duration`, `sort`, `status`, `create_time`, `update_time`, `delete_time`) VALUES (20, 11, '入门基础', 0, '/uploads/images/20221209121227d50b02037.jpg', 'uploads/video/202212091552466c5a15508.avi', 0, 0, 1, 1670572485, 1670572485, NULL);

INSERT INTO `ls_course_catalogue` (`id`, `course_id`, `name`, `fee_type`, `cover`, `content`, `duration`, `sort`, `status`, `create_time`, `update_time`, `delete_time`) VALUES (21, 11, '实例操作讲解', 1, '/uploads/images/20221209121227d50b02037.jpg', 'uploads/video/20221209155538a7f792265.mp4', 0, 0, 1, 1670572562, 1670573126, NULL);

INSERT INTO `ls_course_category` (`id`, `name`, `level`, `pid`, `image`, `sort`, `status`, `create_time`, `update_time`, `delete_time`) VALUES (1, 'IT互联网', 1, 0, 'uploads/images/20221207154052abda47596.png', 0, 1, 1670396782, 1670398857, NULL);

INSERT INTO `ls_course_category` (`id`, `name`, `level`, `pid`, `image`, `sort`, `status`, `create_time`, `update_time`, `delete_time`) VALUES (2, 'Java开发', 2, 1, 'uploads/images/20221207154052abda47596.png', 0, 1, 1670397348, 1670398864, NULL);

INSERT INTO `ls_course_category` (`id`, `name`, `level`, `pid`, `image`, `sort`, `status`, `create_time`, `update_time`, `delete_time`) VALUES (3, '前端开发', 2, 1, 'uploads/images/20221207154052abda47596.png', 0, 1, 1670397374, 1670398870, NULL);

INSERT INTO `ls_course_category` (`id`, `name`, `level`, `pid`, `image`, `sort`, `status`, `create_time`, `update_time`, `delete_time`) VALUES (4, '后台开发', 2, 1, 'uploads/images/20221207154052abda47596.png', 0, 1, 1670397392, 1670398876, NULL);

INSERT INTO `ls_course_category` (`id`, `name`, `level`, `pid`, `image`, `sort`, `status`, `create_time`, `update_time`, `delete_time`) VALUES (5, '互联网产品', 2, 1, 'uploads/images/20221207154052abda47596.png', 0, 1, 1670397416, 1670398881, NULL);

INSERT INTO `ls_course_category` (`id`, `name`, `level`, `pid`, `image`, `sort`, `status`, `create_time`, `update_time`, `delete_time`) VALUES (6, '设计创作', 1, 0, 'uploads/images/20221207154052516c99699.png', 0, 1, 1670399034, 1670399034, NULL);

INSERT INTO `ls_course_category` (`id`, `name`, `level`, `pid`, `image`, `sort`, `status`, `create_time`, `update_time`, `delete_time`) VALUES (7, '平面设计', 2, 6, 'uploads/images/20221207154052516c99699.png', 0, 1, 1670399056, 1670399056, NULL);

INSERT INTO `ls_course_category` (`id`, `name`, `level`, `pid`, `image`, `sort`, `status`, `create_time`, `update_time`, `delete_time`) VALUES (8, '绘画创作', 2, 6, 'uploads/images/20221207154052516c99699.png', 0, 1, 1670399073, 1670399073, NULL);

INSERT INTO `ls_course_category` (`id`, `name`, `level`, `pid`, `image`, `sort`, `status`, `create_time`, `update_time`, `delete_time`) VALUES (9, '职业职场', 1, 0, 'uploads/images/202212071540525602d8470.png', 0, 1, 1670399138, 1670399138, NULL);

INSERT INTO `ls_course_category` (`id`, `name`, `level`, `pid`, `image`, `sort`, `status`, `create_time`, `update_time`, `delete_time`) VALUES (10, '职业素养', 2, 9, 'uploads/images/202212071540525602d8470.png', 0, 1, 1670399170, 1670399170, NULL);

INSERT INTO `ls_course_category` (`id`, `name`, `level`, `pid`, `image`, `sort`, `status`, `create_time`, `update_time`, `delete_time`) VALUES (11, '面试求职', 2, 9, 'uploads/images/202212071540525602d8470.png', 0, 1, 1670399195, 1670399195, NULL);

INSERT INTO `ls_course_category` (`id`, `name`, `level`, `pid`, `image`, `sort`, `status`, `create_time`, `update_time`, `delete_time`) VALUES (12, '语言留学', 1, 0, 'uploads/images/20221207154052c3f4e6613.png', 0, 1, 1670399254, 1670399254, NULL);

INSERT INTO `ls_course_category` (`id`, `name`, `level`, `pid`, `image`, `sort`, `status`, `create_time`, `update_time`, `delete_time`) VALUES (13, '兴趣生活', 1, 0, 'uploads/images/20221207154052516c99699.png', 0, 1, 1670399846, 1670399846, NULL);

INSERT INTO `ls_course_category` (`id`, `name`, `level`, `pid`, `image`, `sort`, `status`, `create_time`, `update_time`, `delete_time`) VALUES (14, '生活百科', 2, 13, 'uploads/images/202212071542086cd103308.png', 0, 1, 1670402933, 1670402933, NULL);

INSERT INTO `ls_course_category` (`id`, `name`, `level`, `pid`, `image`, `sort`, `status`, `create_time`, `update_time`, `delete_time`) VALUES (15, '英语四级', 2, 12, 'uploads/images/202212071542086cd103308.png', 0, 1, 1670402966, 1670402966, NULL);

INSERT INTO `ls_course_category` (`id`, `name`, `level`, `pid`, `image`, `sort`, `status`, `create_time`, `update_time`, `delete_time`) VALUES (16, '其他', 1, 0, 'uploads/images/202212071901347745f7273.png', 0, 1, 1670410967, 1670410967, NULL);

INSERT INTO `ls_course_category` (`id`, `name`, `level`, `pid`, `image`, `sort`, `status`, `create_time`, `update_time`, `delete_time`) VALUES (17, '童谣分类', 2, 16, 'uploads/images/202212071901347745f7273.png', 0, 1, 1670410981, 1670570970, NULL);

INSERT INTO `ls_file` (`id`, `cid`, `source_id`, `source`, `type`, `name`, `uri`, `ip`, `create_time`, `update_time`, `delete_time`) VALUES (1, 0, 1, 0, 10, 'logo.png', 'uploads/images/20221206094551b75c50120.png', NULL, 1670291151, 1670398232, 1670398232);

INSERT INTO `ls_file` (`id`, `cid`, `source_id`, `source`, `type`, `name`, `uri`, `ip`, `create_time`, `update_time`, `delete_time`) VALUES (2, 0, 1, 0, 10, '1.png', 'uploads/images/20221206094853b38713926.png', NULL, 1670291333, 1670398232, 1670398232);

INSERT INTO `ls_file` (`id`, `cid`, `source_id`, `source`, `type`, `name`, `uri`, `ip`, `create_time`, `update_time`, `delete_time`) VALUES (3, 0, 1, 0, 10, '客服头像.png', 'uploads/images/20221206094941bbc324766.png', NULL, 1670291381, 1670398232, 1670398232);

INSERT INTO `ls_file` (`id`, `cid`, `source_id`, `source`, `type`, `name`, `uri`, `ip`, `create_time`, `update_time`, `delete_time`) VALUES (4, 0, 1, 0, 10, '我的订单@3x.png', 'uploads/images/20221207112324e56907097.png', NULL, 1670383404, 1670398237, 1670398237);

INSERT INTO `ls_file` (`id`, `cid`, `source_id`, `source`, `type`, `name`, `uri`, `ip`, `create_time`, `update_time`, `delete_time`) VALUES (5, 0, 1, 0, 10, '我的课程@3x.png', 'uploads/images/20221207112324c98f63019.png', NULL, 1670383404, 1670398669, 1670398669);

INSERT INTO `ls_file` (`id`, `cid`, `source_id`, `source`, `type`, `name`, `uri`, `ip`, `create_time`, `update_time`, `delete_time`) VALUES (6, 0, 1, 0, 10, '关于我们@3x.png', 'uploads/images/202212071123244d6300194.png', NULL, 1670383404, 1670398669, 1670398669);

INSERT INTO `ls_file` (`id`, `cid`, `source_id`, `source`, `type`, `name`, `uri`, `ip`, `create_time`, `update_time`, `delete_time`) VALUES (7, 0, 1, 0, 10, '钱包@3x.png', 'uploads/images/20221207112324efa2d1982.png', NULL, 1670383404, 1670398669, 1670398669);

INSERT INTO `ls_file` (`id`, `cid`, `source_id`, `source`, `type`, `name`, `uri`, `ip`, `create_time`, `update_time`, `delete_time`) VALUES (8, 0, 1, 0, 10, '联系客服@3x.png', 'uploads/images/2022120711232486a633568.png', NULL, 1670383404, 1670398669, 1670398669);

INSERT INTO `ls_file` (`id`, `cid`, `source_id`, `source`, `type`, `name`, `uri`, `ip`, `create_time`, `update_time`, `delete_time`) VALUES (9, 0, 1, 0, 10, '我的评价@3x.png', 'uploads/images/2022120711232487ff04696.png', NULL, 1670383404, 1670398669, 1670398669);

INSERT INTO `ls_file` (`id`, `cid`, `source_id`, `source`, `type`, `name`, `uri`, `ip`, `create_time`, `update_time`, `delete_time`) VALUES (10, 0, 1, 0, 10, '我的收藏@3x.png', 'uploads/images/20221207112324f94cb0365.png', NULL, 1670383404, 1670398669, 1670398669);

INSERT INTO `ls_file` (`id`, `cid`, `source_id`, `source`, `type`, `name`, `uri`, `ip`, `create_time`, `update_time`, `delete_time`) VALUES (11, 1, 1, 0, 10, 'icon_tab_home@3x.png', 'uploads/images/20221207121121b114e6366.png', NULL, 1670386281, 1670398228, 1670398228);

INSERT INTO `ls_file` (`id`, `cid`, `source_id`, `source`, `type`, `name`, `uri`, `ip`, `create_time`, `update_time`, `delete_time`) VALUES (12, 1, 1, 0, 10, 'icon_tab_study_s.png', 'uploads/images/20221207121125999109677.png', NULL, 1670386285, 1670398669, 1670398669);

INSERT INTO `ls_file` (`id`, `cid`, `source_id`, `source`, `type`, `name`, `uri`, `ip`, `create_time`, `update_time`, `delete_time`) VALUES (13, 1, 1, 0, 10, 'icon_tab_list_s.png', 'uploads/images/202212071216249d0ba4839.png', NULL, 1670386584, 1670398228, 1670398228);

INSERT INTO `ls_file` (`id`, `cid`, `source_id`, `source`, `type`, `name`, `uri`, `ip`, `create_time`, `update_time`, `delete_time`) VALUES (14, 1, 1, 0, 10, 'icon_tab_my_s.png', 'uploads/images/20221207121627f0fef5778.png', NULL, 1670386587, 1670398669, 1670398669);

INSERT INTO `ls_file` (`id`, `cid`, `source_id`, `source`, `type`, `name`, `uri`, `ip`, `create_time`, `update_time`, `delete_time`) VALUES (15, 1, 1, 0, 10, 'icon_tab_my.png', 'uploads/images/20221207121630d7d234383.png', NULL, 1670386590, 1670398228, 1670398228);

INSERT INTO `ls_file` (`id`, `cid`, `source_id`, `source`, `type`, `name`, `uri`, `ip`, `create_time`, `update_time`, `delete_time`) VALUES (16, 1, 1, 0, 10, 'icon_tab_list.png', 'uploads/images/202212071216340783e9457.png', NULL, 1670386594, 1670398228, 1670398228);

INSERT INTO `ls_file` (`id`, `cid`, `source_id`, `source`, `type`, `name`, `uri`, `ip`, `create_time`, `update_time`, `delete_time`) VALUES (17, 1, 1, 0, 10, 'icon_tab_study.png', 'uploads/images/20221207121637170d39908.png', NULL, 1670386597, 1670398228, 1670398228);

INSERT INTO `ls_file` (`id`, `cid`, `source_id`, `source`, `type`, `name`, `uri`, `ip`, `create_time`, `update_time`, `delete_time`) VALUES (18, 1, 1, 0, 10, 'icon_tab_home_s.png', 'uploads/images/20221207121641ea0152946.png', NULL, 1670386601, 1670398228, 1670398228);

INSERT INTO `ls_file` (`id`, `cid`, `source_id`, `source`, `type`, `name`, `uri`, `ip`, `create_time`, `update_time`, `delete_time`) VALUES (19, 0, 1, 0, 10, 'Java开发.png', 'uploads/images/20221207143058897642181.png', NULL, 1670394658, 1670398228, 1670398228);

INSERT INTO `ls_file` (`id`, `cid`, `source_id`, `source`, `type`, `name`, `uri`, `ip`, `create_time`, `update_time`, `delete_time`) VALUES (20, 0, 1, 0, 10, '组 14657.png', 'uploads/images/20221207143058375b21243.png', NULL, 1670394658, 1670398228, 1670398228);

INSERT INTO `ls_file` (`id`, `cid`, `source_id`, `source`, `type`, `name`, `uri`, `ip`, `create_time`, `update_time`, `delete_time`) VALUES (21, 0, 1, 0, 10, '平面设计.png', 'uploads/images/20221207143058e113b0772.png', NULL, 1670394658, 1670398228, 1670398228);

INSERT INTO `ls_file` (`id`, `cid`, `source_id`, `source`, `type`, `name`, `uri`, `ip`, `create_time`, `update_time`, `delete_time`) VALUES (22, 0, 1, 0, 10, '绘画创作.png', 'uploads/images/20221207143058b112e5402.png', NULL, 1670394658, 1670398228, 1670398228);

INSERT INTO `ls_file` (`id`, `cid`, `source_id`, `source`, `type`, `name`, `uri`, `ip`, `create_time`, `update_time`, `delete_time`) VALUES (23, 0, 1, 0, 10, '组 14658.png', 'uploads/images/202212071430584b7620567.png', NULL, 1670394658, 1670398228, 1670398228);

INSERT INTO `ls_file` (`id`, `cid`, `source_id`, `source`, `type`, `name`, `uri`, `ip`, `create_time`, `update_time`, `delete_time`) VALUES (24, 0, 1, 0, 10, '组 14660.png', 'uploads/images/20221207143058982593215.png', NULL, 1670394658, 1670398228, 1670398228);

INSERT INTO `ls_file` (`id`, `cid`, `source_id`, `source`, `type`, `name`, `uri`, `ip`, `create_time`, `update_time`, `delete_time`) VALUES (25, 0, 1, 0, 10, '组 14658.png', 'uploads/images/202212071540529f6871106.png', NULL, 1670398852, 1670398852, NULL);

INSERT INTO `ls_file` (`id`, `cid`, `source_id`, `source`, `type`, `name`, `uri`, `ip`, `create_time`, `update_time`, `delete_time`) VALUES (26, 0, 1, 0, 10, '平面设计.png', 'uploads/images/202212071540525602d8470.png', NULL, 1670398852, 1670398852, NULL);

INSERT INTO `ls_file` (`id`, `cid`, `source_id`, `source`, `type`, `name`, `uri`, `ip`, `create_time`, `update_time`, `delete_time`) VALUES (27, 0, 1, 0, 10, '绘画创作.png', 'uploads/images/20221207154052516c99699.png', NULL, 1670398852, 1670398852, NULL);

INSERT INTO `ls_file` (`id`, `cid`, `source_id`, `source`, `type`, `name`, `uri`, `ip`, `create_time`, `update_time`, `delete_time`) VALUES (28, 0, 1, 0, 10, '组 14657.png', 'uploads/images/20221207154052abda47596.png', NULL, 1670398852, 1670398852, NULL);

INSERT INTO `ls_file` (`id`, `cid`, `source_id`, `source`, `type`, `name`, `uri`, `ip`, `create_time`, `update_time`, `delete_time`) VALUES (29, 0, 1, 0, 10, '组 14660.png', 'uploads/images/20221207154052c3f4e6613.png', NULL, 1670398852, 1670398852, NULL);

INSERT INTO `ls_file` (`id`, `cid`, `source_id`, `source`, `type`, `name`, `uri`, `ip`, `create_time`, `update_time`, `delete_time`) VALUES (30, 0, 1, 0, 10, 'Java开发.png', 'uploads/images/20221207154052f6a6f2838.png', NULL, 1670398852, 1670398852, NULL);

INSERT INTO `ls_file` (`id`, `cid`, `source_id`, `source`, `type`, `name`, `uri`, `ip`, `create_time`, `update_time`, `delete_time`) VALUES (31, 1, 1, 0, 10, 'icon_tab_home@3x.png', 'uploads/images/202212071542085d5347693.png', NULL, 1670398928, 1670398928, NULL);

INSERT INTO `ls_file` (`id`, `cid`, `source_id`, `source`, `type`, `name`, `uri`, `ip`, `create_time`, `update_time`, `delete_time`) VALUES (32, 1, 1, 0, 10, 'icon_tab_list_s.png', 'uploads/images/20221207154208374800018.png', NULL, 1670398928, 1670398928, NULL);

INSERT INTO `ls_file` (`id`, `cid`, `source_id`, `source`, `type`, `name`, `uri`, `ip`, `create_time`, `update_time`, `delete_time`) VALUES (33, 1, 1, 0, 10, 'icon_tab_study_s.png', 'uploads/images/202212071542086cd103308.png', NULL, 1670398928, 1670398928, NULL);

INSERT INTO `ls_file` (`id`, `cid`, `source_id`, `source`, `type`, `name`, `uri`, `ip`, `create_time`, `update_time`, `delete_time`) VALUES (34, 1, 1, 0, 10, 'icon_tab_home_s.png', 'uploads/images/20221207154208fbdf15456.png', NULL, 1670398928, 1670398928, NULL);

INSERT INTO `ls_file` (`id`, `cid`, `source_id`, `source`, `type`, `name`, `uri`, `ip`, `create_time`, `update_time`, `delete_time`) VALUES (35, 1, 1, 0, 10, 'icon_tab_study.png', 'uploads/images/202212071542089002b1454.png', NULL, 1670398928, 1670398928, NULL);

INSERT INTO `ls_file` (`id`, `cid`, `source_id`, `source`, `type`, `name`, `uri`, `ip`, `create_time`, `update_time`, `delete_time`) VALUES (36, 1, 1, 0, 10, 'icon_tab_list.png', 'uploads/images/20221207154208edc8d7225.png', NULL, 1670398928, 1670398928, NULL);

INSERT INTO `ls_file` (`id`, `cid`, `source_id`, `source`, `type`, `name`, `uri`, `ip`, `create_time`, `update_time`, `delete_time`) VALUES (37, 1, 1, 0, 10, 'icon_tab_my.png', 'uploads/images/20221207154208e32476751.png', NULL, 1670398928, 1670398928, NULL);

INSERT INTO `ls_file` (`id`, `cid`, `source_id`, `source`, `type`, `name`, `uri`, `ip`, `create_time`, `update_time`, `delete_time`) VALUES (38, 1, 1, 0, 10, 'icon_tab_my_s.png', 'uploads/images/202212071542084930e3225.png', NULL, 1670398928, 1670398928, NULL);

INSERT INTO `ls_file` (`id`, `cid`, `source_id`, `source`, `type`, `name`, `uri`, `ip`, `create_time`, `update_time`, `delete_time`) VALUES (39, 0, 1, 0, 10, '图像 1.png', 'uploads/images/20221207165258f38dd3717.png', NULL, 1670403178, 1670403178, NULL);

INSERT INTO `ls_file` (`id`, `cid`, `source_id`, `source`, `type`, `name`, `uri`, `ip`, `create_time`, `update_time`, `delete_time`) VALUES (40, 0, 1, 0, 10, '蒙版组 1.png', 'uploads/images/202212071718471e9b33483.png', NULL, 1670404727, 1670404727, NULL);

INSERT INTO `ls_file` (`id`, `cid`, `source_id`, `source`, `type`, `name`, `uri`, `ip`, `create_time`, `update_time`, `delete_time`) VALUES (41, 0, 1, 0, 10, '蒙版组 2.png', 'uploads/images/20221207171847121637385.png', NULL, 1670404727, 1670404727, NULL);

INSERT INTO `ls_file` (`id`, `cid`, `source_id`, `source`, `type`, `name`, `uri`, `ip`, `create_time`, `update_time`, `delete_time`) VALUES (42, 0, 1, 0, 10, '企业微信20221118-114349@2x.png', 'uploads/images/20221207172140987727676.png', NULL, 1670404900, 1670404900, NULL);

INSERT INTO `ls_file` (`id`, `cid`, `source_id`, `source`, `type`, `name`, `uri`, `ip`, `create_time`, `update_time`, `delete_time`) VALUES (43, 0, 1, 0, 10, '企业微信20221207-172119@2x.png', 'uploads/images/20221207172147aea632933.png', NULL, 1670404907, 1670404907, NULL);

INSERT INTO `ls_file` (`id`, `cid`, `source_id`, `source`, `type`, `name`, `uri`, `ip`, `create_time`, `update_time`, `delete_time`) VALUES (44, 0, 1, 0, 10, '音频.png', 'uploads/images/202212071901347745f7273.png', NULL, 1670410894, 1670410894, NULL);

INSERT INTO `ls_file` (`id`, `cid`, `source_id`, `source`, `type`, `name`, `uri`, `ip`, `create_time`, `update_time`, `delete_time`) VALUES (45, 0, 1, 0, 40, '5c39ac585702d.mp3', 'uploads/audio/20221207190441348c86227.mp3', NULL, 1670411081, 1670411081, NULL);

INSERT INTO `ls_file` (`id`, `cid`, `source_id`, `source`, `type`, `name`, `uri`, `ip`, `create_time`, `update_time`, `delete_time`) VALUES (46, 0, 1, 0, 40, '5ce6bcf2d0e50.mp3', 'uploads/audio/202212071905362b80d6566.mp3', NULL, 1670411136, 1670411136, NULL);

INSERT INTO `ls_file` (`id`, `cid`, `source_id`, `source`, `type`, `name`, `uri`, `ip`, `create_time`, `update_time`, `delete_time`) VALUES (47, 0, 1, 0, 10, '01.png', 'uploads/images/2022120911170373b064075.png', NULL, 1670555823, 1670555823, NULL);

INSERT INTO `ls_file` (`id`, `cid`, `source_id`, `source`, `type`, `name`, `uri`, `ip`, `create_time`, `update_time`, `delete_time`) VALUES (48, 0, 1, 0, 10, '更多分类@3x.png', 'uploads/images/202212091156560d46a5610.png', NULL, 1670558216, 1670558216, NULL);

INSERT INTO `ls_file` (`id`, `cid`, `source_id`, `source`, `type`, `name`, `uri`, `ip`, `create_time`, `update_time`, `delete_time`) VALUES (49, 0, 1, 0, 10, 'java.jpg', 'uploads/images/20221209121227d50b02037.jpg', NULL, 1670559147, 1670559147, NULL);

INSERT INTO `ls_file` (`id`, `cid`, `source_id`, `source`, `type`, `name`, `uri`, `ip`, `create_time`, `update_time`, `delete_time`) VALUES (50, 0, 1, 0, 10, '儿童歌曲.png', 'uploads/images/2022120915324170b5a2962.png', NULL, 1670571161, 1670571161, NULL);

INSERT INTO `ls_file` (`id`, `cid`, `source_id`, `source`, `type`, `name`, `uri`, `ip`, `create_time`, `update_time`, `delete_time`) VALUES (51, 0, 1, 0, 20, '2-1 简介.avi', 'uploads/video/202212091552466c5a15508.avi', NULL, 1670572366, 1670572366, NULL);

INSERT INTO `ls_file` (`id`, `cid`, `source_id`, `source`, `type`, `name`, `uri`, `ip`, `create_time`, `update_time`, `delete_time`) VALUES (52, 0, 1, 0, 20, '第20章 字符串的解构赋值.mp4', 'uploads/video/20221209155538a7f792265.mp4', NULL, 1670572538, 1670572538, NULL);

INSERT INTO `ls_file` (`id`, `cid`, `source_id`, `source`, `type`, `name`, `uri`, `ip`, `create_time`, `update_time`, `delete_time`) VALUES (53, 0, 1, 0, 10, '钱包@3x.png', 'uploads/images/202212091840359fd446306.png', NULL, 1670582435, 1670582435, NULL);

INSERT INTO `ls_file` (`id`, `cid`, `source_id`, `source`, `type`, `name`, `uri`, `ip`, `create_time`, `update_time`, `delete_time`) VALUES (54, 0, 1, 0, 10, '我的订单@3x.png', 'uploads/images/20221209184035a51c90216.png', NULL, 1670582435, 1670582435, NULL);

INSERT INTO `ls_file` (`id`, `cid`, `source_id`, `source`, `type`, `name`, `uri`, `ip`, `create_time`, `update_time`, `delete_time`) VALUES (55, 0, 1, 0, 10, '关于我们@3x.png', 'uploads/images/2022120918403506ab09737.png', NULL, 1670582435, 1670582435, NULL);

INSERT INTO `ls_file` (`id`, `cid`, `source_id`, `source`, `type`, `name`, `uri`, `ip`, `create_time`, `update_time`, `delete_time`) VALUES (56, 0, 1, 0, 10, '我的课程@3x.png', 'uploads/images/202212091840359c49a7386.png', NULL, 1670582435, 1670582435, NULL);

INSERT INTO `ls_file` (`id`, `cid`, `source_id`, `source`, `type`, `name`, `uri`, `ip`, `create_time`, `update_time`, `delete_time`) VALUES (57, 0, 1, 0, 10, '我的评价@3x.png', 'uploads/images/202212091840350722b9824.png', NULL, 1670582435, 1670582435, NULL);

INSERT INTO `ls_file` (`id`, `cid`, `source_id`, `source`, `type`, `name`, `uri`, `ip`, `create_time`, `update_time`, `delete_time`) VALUES (58, 0, 1, 0, 10, '联系客服@3x.png', 'uploads/images/20221209184035d42010578.png', NULL, 1670582435, 1670582435, NULL);

INSERT INTO `ls_file` (`id`, `cid`, `source_id`, `source`, `type`, `name`, `uri`, `ip`, `create_time`, `update_time`, `delete_time`) VALUES (59, 0, 1, 0, 10, '我的收藏@3x.png', 'uploads/images/202212091840356e91b4486.png', NULL, 1670582435, 1670582435, NULL);

INSERT INTO `ls_file` (`id`, `cid`, `source_id`, `source`, `type`, `name`, `uri`, `ip`, `create_time`, `update_time`, `delete_time`) VALUES (60, 0, 28, 1, 10, 'tmp_086c24999504ba37b7163defaa5ed1ed.jpg', 'uploads/images/2022121221180021e720402.jpg', NULL, 1670851080, 1670851080, NULL);

INSERT INTO `ls_file` (`id`, `cid`, `source_id`, `source`, `type`, `name`, `uri`, `ip`, `create_time`, `update_time`, `delete_time`) VALUES (61, 0, 8, 1, 10, 'tmp_c9d09c8cad052a9183c3bc6ab85d5eb9.jpg', 'uploads/images/20221213102445b27de2629.jpg', NULL, 1670898285, 1670898285, NULL);

INSERT INTO `ls_file` (`id`, `cid`, `source_id`, `source`, `type`, `name`, `uri`, `ip`, `create_time`, `update_time`, `delete_time`) VALUES (62, 0, 1, 0, 10, '微信支付@3x (1).png', 'uploads/images/20221213113257a076f6584.png', NULL, 1670902377, 1670902713, 1670902713);

INSERT INTO `ls_file` (`id`, `cid`, `source_id`, `source`, `type`, `name`, `uri`, `ip`, `create_time`, `update_time`, `delete_time`) VALUES (63, 0, 1, 0, 10, '组 14825.png', 'uploads/images/2022121311384364caa2119.png', NULL, 1670902723, 1670902723, NULL);

INSERT INTO `ls_file` (`id`, `cid`, `source_id`, `source`, `type`, `name`, `uri`, `ip`, `create_time`, `update_time`, `delete_time`) VALUES (64, 0, 1, 0, 10, '组 14826.png', 'uploads/images/2022121311384306c958723.png', NULL, 1670902723, 1670902723, NULL);

INSERT INTO `ls_file` (`id`, `cid`, `source_id`, `source`, `type`, `name`, `uri`, `ip`, `create_time`, `update_time`, `delete_time`) VALUES (65, 0, 1, 0, 10, 'banner.png', 'uploads/images/20221213113929414b34675.png', NULL, 1670902769, 1670902769, NULL);

INSERT INTO `ls_file` (`id`, `cid`, `source_id`, `source`, `type`, `name`, `uri`, `ip`, `create_time`, `update_time`, `delete_time`) VALUES (66, 0, 1, 0, 10, '商务礼仪的12个细节.png', 'uploads/images/202212131140111c7ae4184.png', NULL, 1670902811, 1670902811, NULL);

INSERT INTO `ls_file` (`id`, `cid`, `source_id`, `source`, `type`, `name`, `uri`, `ip`, `create_time`, `update_time`, `delete_time`) VALUES (67, 0, 34, 1, 10, 'tmp_d7628ce9306d4ef44785c8ec9b337f96.jpg', 'uploads/images/202212131422426284e7139.jpg', NULL, 1670912562, 1670912562, NULL);

INSERT INTO `ls_questionbank` (`id`, `category_id`, `name`, `pay_type`, `pay_amount`, `course_id`, `status`, `create_time`, `update_time`, `delete_time`) VALUES (1, 3, '英语A卷', 2, 0.00, '[4,71,85,114,116]', 2, 1705051239, 1705053073, NULL);

INSERT INTO `ls_questionbank` (`id`, `category_id`, `name`, `pay_type`, `pay_amount`, `course_id`, `status`, `create_time`, `update_time`, `delete_time`) VALUES (2, 3, '英语B卷', 1, 0.10, '[4,71,85,114,116]', 2, 1705053068, 1705053579, NULL);

INSERT INTO `ls_questionbank` (`id`, `category_id`, `name`, `pay_type`, `pay_amount`, `course_id`, `status`, `create_time`, `update_time`, `delete_time`) VALUES (3, 2, '数学（卷一）', 2, 0.00, '[]', 2, 1705053620, 1705053840, NULL);

INSERT INTO `ls_questionbank` (`id`, `category_id`, `name`, `pay_type`, `pay_amount`, `course_id`, `status`, `create_time`, `update_time`, `delete_time`) VALUES (4, 2, '数学（卷二）', 1, 0.10, '[3,5,41,48,96]', 2, 1705053864, 1705054249, NULL);

INSERT INTO `ls_questionbank` (`id`, `category_id`, `name`, `pay_type`, `pay_amount`, `course_id`, `status`, `create_time`, `update_time`, `delete_time`) VALUES (5, 1, '语文阅读测试题', 2, 0.00, '[1,2,12,18,19]', 2, 1705054308, 1705054945, NULL);

INSERT INTO `ls_questionbank` (`id`, `category_id`, `name`, `pay_type`, `pay_amount`, `course_id`, `status`, `create_time`, `update_time`, `delete_time`) VALUES (6, 4, '行测试题', 2, 0.00, '[3,5,41,48,96]', 2, 1705055149, 1705055399, NULL);

INSERT INTO `ls_questionbank_category` (`id`, `name`, `sort`, `create_time`, `update_time`, `delete_time`) VALUES (1, '语文', 0, 1705051165, 1705051165, NULL);

INSERT INTO `ls_questionbank_category` (`id`, `name`, `sort`, `create_time`, `update_time`, `delete_time`) VALUES (2, '数学', 0, 1705051169, 1705051169, NULL);

INSERT INTO `ls_questionbank_category` (`id`, `name`, `sort`, `create_time`, `update_time`, `delete_time`) VALUES (3, '英语', 0, 1705051175, 1705051175, NULL);

INSERT INTO `ls_questionbank_category` (`id`, `name`, `sort`, `create_time`, `update_time`, `delete_time`) VALUES (4, '政治', 0, 1705051182, 1705051182, NULL);

INSERT INTO `ls_questionbank_topic` (`id`, `questionbank_id`, `type`, `stem`, `illustration`, `option`, `answer`, `analysis`, `difficulty`, `points`, `create_time`, `update_time`, `delete_time`) VALUES (1, 1, 1, '选出与所给单词同类的一项：me ( 　)', '', '[\"yes\",\"OK\",\"you\"]', '[2]', '<p>我为祖国献石油</p><p>1964年3月，中国音乐家协会组织作曲家到大庆油田体验生活，创作一批反映石油工人的作品。</p><p>沈阳音乐学院院长李劫夫也接到了通知，要求他务必在3月20日到黑龙江省的萨尔图报到。由于身体的原因，学院准备找一位年轻人陪同，经李劫夫院长提议，由秦咏诚陪他同去。</p><p>19日晚的车上，秦咏诚询问，萨尔图是什么地方。李劫夫告诉他：萨尔图是个大油田，叫大庆油田，当时还保密着。辗转到了大庆后，许多音乐家同住在大庆石油指挥部的招待所。</p><p>从第二天开始，油田为音乐家们安排了介绍有关石油方面知识的课程，从勘探、钻井到采油、炼油等一连十天，一天一个内容。</p><p>十天后，油田又安排他们深入一线体验生活。秦咏诚和李劫夫、王莘被安排在“铁人”王进喜担任队长的“1205英雄钻井队”，并在井队里和王进喜朝夕相处，一起生活了三天。这期间，王进喜向秦咏诚讲述了他1959年在北京开人民代表大会时，看到北京的公交车由于缺油背着煤气包而心情沉重，还听他讲述了大庆石油大会战的情景。</p><p>1960年春天，王进喜的钻井队正在玉门油田，听说北方发现了大油田，全国要在那里举行大会战，当即向上级请战。</p><p>他们告别了亲人，穿着单衣登上了北上的列车。面对着恶劣的气候、艰苦的生活和工作环境、简陋的设备，石油工人为了让国家早日甩掉“贫油”的帽子，打破西方敌对势力的经济封锁，以战天斗地、大无畏的英雄气概，喊出了“有条件要上，没有条件也要上”的响亮口号。</p><p>“石油工人一声吼，地球也要抖三抖”的大无畏革命英雄主义气概，使秦咏诚的心灵受到了强烈的震撼和巨大的冲击。特别是同王进喜和他的钻井队朝夕相处的几天里，秦咏诚对石油工人的认识得到了极大升华，情感上产生了强烈共鸣。</p><p>于是乎他就创作出了《我为祖国献石油》的曲谱。</p>', 3, '哆瑞咪发嗦啦西\n啦西啦西咪哆哆\n啦嗦咪嗦嗦～\n啦嗦咪哆哆～', 1705052349, 1705052863, NULL);

INSERT INTO `ls_questionbank_topic` (`id`, `questionbank_id`, `type`, `stem`, `illustration`, `option`, `answer`, `analysis`, `difficulty`, `points`, `create_time`, `update_time`, `delete_time`) VALUES (2, 1, 1, '选出与所给单词同类的一项：hand ( 　)', '', '[\"foot\",\"desk\",\"put\"]', '[0]', '<p>我为祖国献石油</p><p>1964年3月，中国音乐家协会组织作曲家到大庆油田体验生活，创作一批反映石油工人的作品。</p><p>沈阳音乐学院院长李劫夫也接到了通知，要求他务必在3月20日到黑龙江省的萨尔图报到。由于身体的原因，学院准备找一位年轻人陪同，经李劫夫院长提议，由秦咏诚陪他同去。</p><p>19日晚的车上，秦咏诚询问，萨尔图是什么地方。李劫夫告诉他：萨尔图是个大油田，叫大庆油田，当时还保密着。辗转到了大庆后，许多音乐家同住在大庆石油指挥部的招待所。</p><p>从第二天开始，油田为音乐家们安排了介绍有关石油方面知识的课程，从勘探、钻井到采油、炼油等一连十天，一天一个内容。</p><p>十天后，油田又安排他们深入一线体验生活。秦咏诚和李劫夫、王莘被安排在“铁人”王进喜担任队长的“1205英雄钻井队”，并在井队里和王进喜朝夕相处，一起生活了三天。这期间，王进喜向秦咏诚讲述了他1959年在北京开人民代表大会时，看到北京的公交车由于缺油背着煤气包而心情沉重，还听他讲述了大庆石油大会战的情景。</p><p>1960年春天，王进喜的钻井队正在玉门油田，听说北方发现了大油田，全国要在那里举行大会战，当即向上级请战。</p><p>他们告别了亲人，穿着单衣登上了北上的列车。面对着恶劣的气候、艰苦的生活和工作环境、简陋的设备，石油工人为了让国家早日甩掉“贫油”的帽子，打破西方敌对势力的经济封锁，以战天斗地、大无畏的英雄气概，喊出了“有条件要上，没有条件也要上”的响亮口号。</p><p>“石油工人一声吼，地球也要抖三抖”的大无畏革命英雄主义气概，使秦咏诚的心灵受到了强烈的震撼和巨大的冲击。特别是同王进喜和他的钻井队朝夕相处的几天里，秦咏诚对石油工人的认识得到了极大升华，情感上产生了强烈共鸣。</p><p>于是乎他就创作出了《我为祖国献石油》的曲谱。</p>', 1, '哆瑞咪发嗦啦西\n啦西啦西咪哆哆\n啦嗦咪嗦嗦～\n啦嗦咪哆哆～', 1705052573, 1705052643, NULL);

INSERT INTO `ls_questionbank_topic` (`id`, `questionbank_id`, `type`, `stem`, `illustration`, `option`, `answer`, `analysis`, `difficulty`, `points`, `create_time`, `update_time`, `delete_time`) VALUES (3, 1, 1, '选出与所给单词同类的一项：under ( 　)', '', '[\"bag\",\"toy\",\"on\"]', '[2]', '<p>我为祖国献石油</p><p>1964年3月，中国音乐家协会组织作曲家到大庆油田体验生活，创作一批反映石油工人的作品。</p><p>沈阳音乐学院院长李劫夫也接到了通知，要求他务必在3月20日到黑龙江省的萨尔图报到。由于身体的原因，学院准备找一位年轻人陪同，经李劫夫院长提议，由秦咏诚陪他同去。</p><p>19日晚的车上，秦咏诚询问，萨尔图是什么地方。李劫夫告诉他：萨尔图是个大油田，叫大庆油田，当时还保密着。辗转到了大庆后，许多音乐家同住在大庆石油指挥部的招待所。</p><p>从第二天开始，油田为音乐家们安排了介绍有关石油方面知识的课程，从勘探、钻井到采油、炼油等一连十天，一天一个内容。</p><p>十天后，油田又安排他们深入一线体验生活。秦咏诚和李劫夫、王莘被安排在“铁人”王进喜担任队长的“1205英雄钻井队”，并在井队里和王进喜朝夕相处，一起生活了三天。这期间，王进喜向秦咏诚讲述了他1959年在北京开人民代表大会时，看到北京的公交车由于缺油背着煤气包而心情沉重，还听他讲述了大庆石油大会战的情景。</p><p>1960年春天，王进喜的钻井队正在玉门油田，听说北方发现了大油田，全国要在那里举行大会战，当即向上级请战。</p><p>他们告别了亲人，穿着单衣登上了北上的列车。面对着恶劣的气候、艰苦的生活和工作环境、简陋的设备，石油工人为了让国家早日甩掉“贫油”的帽子，打破西方敌对势力的经济封锁，以战天斗地、大无畏的英雄气概，喊出了“有条件要上，没有条件也要上”的响亮口号。</p><p>“石油工人一声吼，地球也要抖三抖”的大无畏革命英雄主义气概，使秦咏诚的心灵受到了强烈的震撼和巨大的冲击。特别是同王进喜和他的钻井队朝夕相处的几天里，秦咏诚对石油工人的认识得到了极大升华，情感上产生了强烈共鸣。</p><p>于是乎他就创作出了《我为祖国献石油》的曲谱。</p>', 1, '哆瑞咪发嗦啦西\n啦西啦西咪哆哆\n啦嗦咪嗦嗦～\n啦嗦咪哆哆～', 1705052622, 1705052638, NULL);

INSERT INTO `ls_questionbank_topic` (`id`, `questionbank_id`, `type`, `stem`, `illustration`, `option`, `answer`, `analysis`, `difficulty`, `points`, `create_time`, `update_time`, `delete_time`) VALUES (4, 1, 1, '选出不同类的一项：', '', '[\"panda\",\"duck\",\"tall\"]', '[2]', '<p>我为祖国献石油</p><p>1964年3月，中国音乐家协会组织作曲家到大庆油田体验生活，创作一批反映石油工人的作品。</p><p>沈阳音乐学院院长李劫夫也接到了通知，要求他务必在3月20日到黑龙江省的萨尔图报到。由于身体的原因，学院准备找一位年轻人陪同，经李劫夫院长提议，由秦咏诚陪他同去。</p><p>19日晚的车上，秦咏诚询问，萨尔图是什么地方。李劫夫告诉他：萨尔图是个大油田，叫大庆油田，当时还保密着。辗转到了大庆后，许多音乐家同住在大庆石油指挥部的招待所。</p><p>从第二天开始，油田为音乐家们安排了介绍有关石油方面知识的课程，从勘探、钻井到采油、炼油等一连十天，一天一个内容。</p><p>十天后，油田又安排他们深入一线体验生活。秦咏诚和李劫夫、王莘被安排在“铁人”王进喜担任队长的“1205英雄钻井队”，并在井队里和王进喜朝夕相处，一起生活了三天。这期间，王进喜向秦咏诚讲述了他1959年在北京开人民代表大会时，看到北京的公交车由于缺油背着煤气包而心情沉重，还听他讲述了大庆石油大会战的情景。</p><p>1960年春天，王进喜的钻井队正在玉门油田，听说北方发现了大油田，全国要在那里举行大会战，当即向上级请战。</p><p>他们告别了亲人，穿着单衣登上了北上的列车。面对着恶劣的气候、艰苦的生活和工作环境、简陋的设备，石油工人为了让国家早日甩掉“贫油”的帽子，打破西方敌对势力的经济封锁，以战天斗地、大无畏的英雄气概，喊出了“有条件要上，没有条件也要上”的响亮口号。</p><p>“石油工人一声吼，地球也要抖三抖”的大无畏革命英雄主义气概，使秦咏诚的心灵受到了强烈的震撼和巨大的冲击。特别是同王进喜和他的钻井队朝夕相处的几天里，秦咏诚对石油工人的认识得到了极大升华，情感上产生了强烈共鸣。</p><p>于是乎他就创作出了《我为祖国献石油》的曲谱。</p>', 1, '哆瑞咪发嗦啦西\n啦西啦西咪哆哆\n啦嗦咪嗦嗦～\n啦嗦咪哆哆～', 1705052774, 1705052774, NULL);

INSERT INTO `ls_questionbank_topic` (`id`, `questionbank_id`, `type`, `stem`, `illustration`, `option`, `answer`, `analysis`, `difficulty`, `points`, `create_time`, `update_time`, `delete_time`) VALUES (5, 1, 1, '向别人介绍自己的朋友，你应该说：', '', '[\"This is my friend,Wu Yifan. \",\"I\\u2019m Wu Yifan.\"]', '[0]', '<p>我为祖国献石油</p><p>1964年3月，中国音乐家协会组织作曲家到大庆油田体验生活，创作一批反映石油工人的作品。</p><p>沈阳音乐学院院长李劫夫也接到了通知，要求他务必在3月20日到黑龙江省的萨尔图报到。由于身体的原因，学院准备找一位年轻人陪同，经李劫夫院长提议，由秦咏诚陪他同去。</p><p>19日晚的车上，秦咏诚询问，萨尔图是什么地方。李劫夫告诉他：萨尔图是个大油田，叫大庆油田，当时还保密着。辗转到了大庆后，许多音乐家同住在大庆石油指挥部的招待所。</p><p>从第二天开始，油田为音乐家们安排了介绍有关石油方面知识的课程，从勘探、钻井到采油、炼油等一连十天，一天一个内容。</p><p>十天后，油田又安排他们深入一线体验生活。秦咏诚和李劫夫、王莘被安排在“铁人”王进喜担任队长的“1205英雄钻井队”，并在井队里和王进喜朝夕相处，一起生活了三天。这期间，王进喜向秦咏诚讲述了他1959年在北京开人民代表大会时，看到北京的公交车由于缺油背着煤气包而心情沉重，还听他讲述了大庆石油大会战的情景。</p><p>1960年春天，王进喜的钻井队正在玉门油田，听说北方发现了大油田，全国要在那里举行大会战，当即向上级请战。</p><p>他们告别了亲人，穿着单衣登上了北上的列车。面对着恶劣的气候、艰苦的生活和工作环境、简陋的设备，石油工人为了让国家早日甩掉“贫油”的帽子，打破西方敌对势力的经济封锁，以战天斗地、大无畏的英雄气概，喊出了“有条件要上，没有条件也要上”的响亮口号。</p><p>“石油工人一声吼，地球也要抖三抖”的大无畏革命英雄主义气概，使秦咏诚的心灵受到了强烈的震撼和巨大的冲击。特别是同王进喜和他的钻井队朝夕相处的几天里，秦咏诚对石油工人的认识得到了极大升华，情感上产生了强烈共鸣。</p><p>于是乎他就创作出了《我为祖国献石油》的曲谱。</p>', 2, '哆瑞咪发嗦啦西\n啦西啦西咪哆哆\n啦嗦咪嗦嗦～\n啦嗦咪哆哆～', 1705052851, 1705052872, NULL);

INSERT INTO `ls_questionbank_topic` (`id`, `questionbank_id`, `type`, `stem`, `illustration`, `option`, `answer`, `analysis`, `difficulty`, `points`, `create_time`, `update_time`, `delete_time`) VALUES (6, 1, 2, '下面那些是英文单词', '', '[\"Apple\",\"banana\",\"\\u8001\\u767b\",\"\\u73cd\\u73e0\"]', '[0,1]', '<p>我为祖国献石油</p><p>1964年3月，中国音乐家协会组织作曲家到大庆油田体验生活，创作一批反映石油工人的作品。</p><p>沈阳音乐学院院长李劫夫也接到了通知，要求他务必在3月20日到黑龙江省的萨尔图报到。由于身体的原因，学院准备找一位年轻人陪同，经李劫夫院长提议，由秦咏诚陪他同去。</p><p>19日晚的车上，秦咏诚询问，萨尔图是什么地方。李劫夫告诉他：萨尔图是个大油田，叫大庆油田，当时还保密着。辗转到了大庆后，许多音乐家同住在大庆石油指挥部的招待所。</p><p>从第二天开始，油田为音乐家们安排了介绍有关石油方面知识的课程，从勘探、钻井到采油、炼油等一连十天，一天一个内容。</p><p>十天后，油田又安排他们深入一线体验生活。秦咏诚和李劫夫、王莘被安排在“铁人”王进喜担任队长的“1205英雄钻井队”，并在井队里和王进喜朝夕相处，一起生活了三天。这期间，王进喜向秦咏诚讲述了他1959年在北京开人民代表大会时，看到北京的公交车由于缺油背着煤气包而心情沉重，还听他讲述了大庆石油大会战的情景。</p><p>1960年春天，王进喜的钻井队正在玉门油田，听说北方发现了大油田，全国要在那里举行大会战，当即向上级请战。</p><p>他们告别了亲人，穿着单衣登上了北上的列车。面对着恶劣的气候、艰苦的生活和工作环境、简陋的设备，石油工人为了让国家早日甩掉“贫油”的帽子，打破西方敌对势力的经济封锁，以战天斗地、大无畏的英雄气概，喊出了“有条件要上，没有条件也要上”的响亮口号。</p><p>“石油工人一声吼，地球也要抖三抖”的大无畏革命英雄主义气概，使秦咏诚的心灵受到了强烈的震撼和巨大的冲击。特别是同王进喜和他的钻井队朝夕相处的几天里，秦咏诚对石油工人的认识得到了极大升华，情感上产生了强烈共鸣。</p><p>于是乎他就创作出了《我为祖国献石油》的曲谱。</p>', 3, '哆瑞咪发嗦啦西\n啦西啦西咪哆哆\n啦嗦咪嗦嗦～\n啦嗦咪哆哆～', 1705053007, 1705053007, NULL);

INSERT INTO `ls_questionbank_topic` (`id`, `questionbank_id`, `type`, `stem`, `illustration`, `option`, `answer`, `analysis`, `difficulty`, `points`, `create_time`, `update_time`, `delete_time`) VALUES (7, 2, 1, '你想告诉你的同学Amy，你的新朋友来自加拿大，你应该说：( 　　)', '', '[\"She\\u2019s from Canada.\",\"I\\u2019m from Canada.\",\"Thank you.\\u3000\",\"Me, too.\"]', '[0]', '<p><span style=\"color: rgb(51, 51, 51); background-color: rgb(255, 255, 255); font-size: 15px; font-family: 微软雅黑;\">我为祖国献石油</span></p><p><span style=\"color: rgb(51, 51, 51); background-color: rgb(255, 255, 255); font-size: 15px; font-family: 微软雅黑;\">1964年3月，中国音乐家协会组织作曲家到大庆油田体验生活，创作一批反映石油工人的作品。</span></p><p><span style=\"color: rgb(51, 51, 51); background-color: rgb(255, 255, 255); font-size: 15px; font-family: 微软雅黑;\">沈阳音乐学院院长李劫夫也接到了通知，要求他务必在3月20日到黑龙江省的萨尔图报到。由于身体的原因，学院准备找一位年轻人陪同，经李劫夫院长提议，由秦咏诚陪他同去。</span></p><p><span style=\"color: rgb(51, 51, 51); background-color: rgb(255, 255, 255); font-size: 15px; font-family: 微软雅黑;\">19日晚的车上，秦咏诚询问，萨尔图是什么地方。李劫夫告诉他：萨尔图是个大油田，叫大庆油田，当时还保密着。辗转到了大庆后，许多音乐家同住在大庆石油指挥部的招待所。</span></p><p><span style=\"color: rgb(51, 51, 51); background-color: rgb(255, 255, 255); font-size: 15px; font-family: 微软雅黑;\">从第二天开始，油田为音乐家们安排了介绍有关石油方面知识的课程，从勘探、钻井到采油、炼油等一连十天，一天一个内容。</span></p><p><span style=\"color: rgb(51, 51, 51); background-color: rgb(255, 255, 255); font-size: 15px; font-family: 微软雅黑;\">十天后，油田又安排他们深入一线体验生活。秦咏诚和李劫夫、王莘被安排在“铁人”王进喜担任队长的“1205英雄钻井队”，并在井队里和王进喜朝夕相处，一起生活了三天。这期间，王进喜向秦咏诚讲述了他1959年在北京开人民代表大会时，看到北京的公交车由于缺油背着煤气包而心情沉重，还听他讲述了大庆石油大会战的情景。</span></p><p><span style=\"color: rgb(51, 51, 51); background-color: rgb(255, 255, 255); font-size: 15px; font-family: 微软雅黑;\">1960年春天，王进喜的钻井队正在玉门油田，听说北方发现了大油田，全国要在那里举行大会战，当即向上级请战。</span></p><p><span style=\"color: rgb(51, 51, 51); background-color: rgb(255, 255, 255); font-size: 15px; font-family: 微软雅黑;\">他们告别了亲人，穿着单衣登上了北上的列车。面对着恶劣的气候、艰苦的生活和工作环境、简陋的设备，石油工人为了让国家早日甩掉“贫油”的帽子，打破西方敌对势力的经济封锁，以战天斗地、大无畏的英雄气概，喊出了“有条件要上，没有条件也要上”的响亮口号。</span></p><p><span style=\"color: rgb(51, 51, 51); background-color: rgb(255, 255, 255); font-size: 15px; font-family: 微软雅黑;\">“石油工人一声吼，地球也要抖三抖”的大无畏革命英雄主义气概，使秦咏诚的心灵受到了强烈的震撼和巨大的冲击。特别是同王进喜和他的钻井队朝夕相处的几天里，秦咏诚对石油工人的认识得到了极大升华，情感上产生了强烈共鸣。</span></p><p><span style=\"color: rgb(51, 51, 51); background-color: rgb(255, 255, 255); font-size: 15px; font-family: 微软雅黑;\">于是乎他就创作出了《我为祖国献石油》的曲谱。</span></p>', 1, '哆瑞咪发嗦啦西\n啦西啦西咪哆哆\n啦嗦咪嗦嗦～\n啦嗦咪哆哆～', 1705053126, 1705053361, NULL);

INSERT INTO `ls_questionbank_topic` (`id`, `questionbank_id`, `type`, `stem`, `illustration`, `option`, `answer`, `analysis`, `difficulty`, `points`, `create_time`, `update_time`, `delete_time`) VALUES (8, 2, 1, '当你向新同学做了自我介绍后，想询问对方情况时，你应该说：( 　　)', '', '[\"How old are you?\",\"What about you?\"]', '[1]', '<p>我为祖国献石油</p><p>1964年3月，中国音乐家协会组织作曲家到大庆油田体验生活，创作一批反映石油工人的作品。</p><p>沈阳音乐学院院长李劫夫也接到了通知，要求他务必在3月20日到黑龙江省的萨尔图报到。由于身体的原因，学院准备找一位年轻人陪同，经李劫夫院长提议，由秦咏诚陪他同去。</p><p>19日晚的车上，秦咏诚询问，萨尔图是什么地方。李劫夫告诉他：萨尔图是个大油田，叫大庆油田，当时还保密着。辗转到了大庆后，许多音乐家同住在大庆石油指挥部的招待所。</p><p>从第二天开始，油田为音乐家们安排了介绍有关石油方面知识的课程，从勘探、钻井到采油、炼油等一连十天，一天一个内容。</p><p>十天后，油田又安排他们深入一线体验生活。秦咏诚和李劫夫、王莘被安排在“铁人”王进喜担任队长的“1205英雄钻井队”，并在井队里和王进喜朝夕相处，一起生活了三天。这期间，王进喜向秦咏诚讲述了他1959年在北京开人民代表大会时，看到北京的公交车由于缺油背着煤气包而心情沉重，还听他讲述了大庆石油大会战的情景。</p><p>1960年春天，王进喜的钻井队正在玉门油田，听说北方发现了大油田，全国要在那里举行大会战，当即向上级请战。</p><p>他们告别了亲人，穿着单衣登上了北上的列车。面对着恶劣的气候、艰苦的生活和工作环境、简陋的设备，石油工人为了让国家早日甩掉“贫油”的帽子，打破西方敌对势力的经济封锁，以战天斗地、大无畏的英雄气概，喊出了“有条件要上，没有条件也要上”的响亮口号。</p><p>“石油工人一声吼，地球也要抖三抖”的大无畏革命英雄主义气概，使秦咏诚的心灵受到了强烈的震撼和巨大的冲击。特别是同王进喜和他的钻井队朝夕相处的几天里，秦咏诚对石油工人的认识得到了极大升华，情感上产生了强烈共鸣。</p><p>于是乎他就创作出了《我为祖国献石油》的曲谱。</p>', 1, '哆瑞咪发嗦啦西\n啦西啦西咪哆哆\n啦嗦咪嗦嗦～\n啦嗦咪哆哆～', 1705053185, 1705053185, NULL);

INSERT INTO `ls_questionbank_topic` (`id`, `questionbank_id`, `type`, `stem`, `illustration`, `option`, `answer`, `analysis`, `difficulty`, `points`, `create_time`, `update_time`, `delete_time`) VALUES (9, 2, 1, 'Who’s this man? (　 　)', '', '[\"She\\u2019s my mother.\",\"He\\u2019s my father.\"]', '[1]', '<p>我为祖国献石油</p><p>1964年3月，中国音乐家协会组织作曲家到大庆油田体验生活，创作一批反映石油工人的作品。</p><p>沈阳音乐学院院长李劫夫也接到了通知，要求他务必在3月20日到黑龙江省的萨尔图报到。由于身体的原因，学院准备找一位年轻人陪同，经李劫夫院长提议，由秦咏诚陪他同去。</p><p>19日晚的车上，秦咏诚询问，萨尔图是什么地方。李劫夫告诉他：萨尔图是个大油田，叫大庆油田，当时还保密着。辗转到了大庆后，许多音乐家同住在大庆石油指挥部的招待所。</p><p>从第二天开始，油田为音乐家们安排了介绍有关石油方面知识的课程，从勘探、钻井到采油、炼油等一连十天，一天一个内容。</p><p>十天后，油田又安排他们深入一线体验生活。秦咏诚和李劫夫、王莘被安排在“铁人”王进喜担任队长的“1205英雄钻井队”，并在井队里和王进喜朝夕相处，一起生活了三天。这期间，王进喜向秦咏诚讲述了他1959年在北京开人民代表大会时，看到北京的公交车由于缺油背着煤气包而心情沉重，还听他讲述了大庆石油大会战的情景。</p><p>1960年春天，王进喜的钻井队正在玉门油田，听说北方发现了大油田，全国要在那里举行大会战，当即向上级请战。</p><p>他们告别了亲人，穿着单衣登上了北上的列车。面对着恶劣的气候、艰苦的生活和工作环境、简陋的设备，石油工人为了让国家早日甩掉“贫油”的帽子，打破西方敌对势力的经济封锁，以战天斗地、大无畏的英雄气概，喊出了“有条件要上，没有条件也要上”的响亮口号。</p><p>“石油工人一声吼，地球也要抖三抖”的大无畏革命英雄主义气概，使秦咏诚的心灵受到了强烈的震撼和巨大的冲击。特别是同王进喜和他的钻井队朝夕相处的几天里，秦咏诚对石油工人的认识得到了极大升华，情感上产生了强烈共鸣。</p><p>于是乎他就创作出了《我为祖国献石油》的曲谱。</p>', 1, '哆瑞咪发嗦啦西\n啦西啦西咪哆哆\n啦嗦咪嗦嗦～\n啦嗦咪哆哆～', 1705053249, 1705053249, NULL);

INSERT INTO `ls_questionbank_topic` (`id`, `questionbank_id`, `type`, `stem`, `illustration`, `option`, `answer`, `analysis`, `difficulty`, `points`, `create_time`, `update_time`, `delete_time`) VALUES (10, 2, 1, '你想吃西瓜，你可以这样说：(  )', '', '[\"Have some apples.\",\"Can I have some watermelons?\",\"Have some fruit.\",\"Have some food.\"]', '[0]', '<p>我为祖国献石油</p><p>1964年3月，中国音乐家协会组织作曲家到大庆油田体验生活，创作一批反映石油工人的作品。</p><p>沈阳音乐学院院长李劫夫也接到了通知，要求他务必在3月20日到黑龙江省的萨尔图报到。由于身体的原因，学院准备找一位年轻人陪同，经李劫夫院长提议，由秦咏诚陪他同去。</p><p>19日晚的车上，秦咏诚询问，萨尔图是什么地方。李劫夫告诉他：萨尔图是个大油田，叫大庆油田，当时还保密着。辗转到了大庆后，许多音乐家同住在大庆石油指挥部的招待所。</p><p>从第二天开始，油田为音乐家们安排了介绍有关石油方面知识的课程，从勘探、钻井到采油、炼油等一连十天，一天一个内容。</p><p>十天后，油田又安排他们深入一线体验生活。秦咏诚和李劫夫、王莘被安排在“铁人”王进喜担任队长的“1205英雄钻井队”，并在井队里和王进喜朝夕相处，一起生活了三天。这期间，王进喜向秦咏诚讲述了他1959年在北京开人民代表大会时，看到北京的公交车由于缺油背着煤气包而心情沉重，还听他讲述了大庆石油大会战的情景。</p><p>1960年春天，王进喜的钻井队正在玉门油田，听说北方发现了大油田，全国要在那里举行大会战，当即向上级请战。</p><p>他们告别了亲人，穿着单衣登上了北上的列车。面对着恶劣的气候、艰苦的生活和工作环境、简陋的设备，石油工人为了让国家早日甩掉“贫油”的帽子，打破西方敌对势力的经济封锁，以战天斗地、大无畏的英雄气概，喊出了“有条件要上，没有条件也要上”的响亮口号。</p><p>“石油工人一声吼，地球也要抖三抖”的大无畏革命英雄主义气概，使秦咏诚的心灵受到了强烈的震撼和巨大的冲击。特别是同王进喜和他的钻井队朝夕相处的几天里，秦咏诚对石油工人的认识得到了极大升华，情感上产生了强烈共鸣。</p><p>于是乎他就创作出了《我为祖国献石油》的曲谱。</p>', 3, '哆瑞咪发嗦啦西\n啦西啦西咪哆哆\n啦嗦咪嗦嗦～\n啦嗦咪哆哆～', 1705053332, 1705053332, NULL);

INSERT INTO `ls_questionbank_topic` (`id`, `questionbank_id`, `type`, `stem`, `illustration`, `option`, `answer`, `analysis`, `difficulty`, `points`, `create_time`, `update_time`, `delete_time`) VALUES (11, 2, 1, '当你看到一只熊时，你可以说：( 　　)', '', '[\"It\\u2019s so thin.\",\"It\\u2019s short and fat.\\u3000\",\"It has a long nose.\"]', '[1]', '<p>我为祖国献石油</p><p>1964年3月，中国音乐家协会组织作曲家到大庆油田体验生活，创作一批反映石油工人的作品。</p><p>沈阳音乐学院院长李劫夫也接到了通知，要求他务必在3月20日到黑龙江省的萨尔图报到。由于身体的原因，学院准备找一位年轻人陪同，经李劫夫院长提议，由秦咏诚陪他同去。</p><p>19日晚的车上，秦咏诚询问，萨尔图是什么地方。李劫夫告诉他：萨尔图是个大油田，叫大庆油田，当时还保密着。辗转到了大庆后，许多音乐家同住在大庆石油指挥部的招待所。</p><p>从第二天开始，油田为音乐家们安排了介绍有关石油方面知识的课程，从勘探、钻井到采油、炼油等一连十天，一天一个内容。</p><p>十天后，油田又安排他们深入一线体验生活。秦咏诚和李劫夫、王莘被安排在“铁人”王进喜担任队长的“1205英雄钻井队”，并在井队里和王进喜朝夕相处，一起生活了三天。这期间，王进喜向秦咏诚讲述了他1959年在北京开人民代表大会时，看到北京的公交车由于缺油背着煤气包而心情沉重，还听他讲述了大庆石油大会战的情景。</p><p>1960年春天，王进喜的钻井队正在玉门油田，听说北方发现了大油田，全国要在那里举行大会战，当即向上级请战。</p><p>他们告别了亲人，穿着单衣登上了北上的列车。面对着恶劣的气候、艰苦的生活和工作环境、简陋的设备，石油工人为了让国家早日甩掉“贫油”的帽子，打破西方敌对势力的经济封锁，以战天斗地、大无畏的英雄气概，喊出了“有条件要上，没有条件也要上”的响亮口号。</p><p>“石油工人一声吼，地球也要抖三抖”的大无畏革命英雄主义气概，使秦咏诚的心灵受到了强烈的震撼和巨大的冲击。特别是同王进喜和他的钻井队朝夕相处的几天里，秦咏诚对石油工人的认识得到了极大升华，情感上产生了强烈共鸣。</p><p>于是乎他就创作出了《我为祖国献石油》的曲谱。</p>', 2, '哆瑞咪发嗦啦西\n啦西啦西咪哆哆\n啦嗦咪嗦嗦～\n啦嗦咪哆哆～', 1705053440, 1705053440, NULL);

INSERT INTO `ls_questionbank_topic` (`id`, `questionbank_id`, `type`, `stem`, `illustration`, `option`, `answer`, `analysis`, `difficulty`, `points`, `create_time`, `update_time`, `delete_time`) VALUES (12, 2, 2, '请选择答案是 A、B、D', '', '[\"Thank you.\",\"Me, too.\",\"Have some apples.\",\"What about you?\"]', '[0,1,3]', '<p>我为祖国献石油</p><p>1964年3月，中国音乐家协会组织作曲家到大庆油田体验生活，创作一批反映石油工人的作品。</p><p>沈阳音乐学院院长李劫夫也接到了通知，要求他务必在3月20日到黑龙江省的萨尔图报到。由于身体的原因，学院准备找一位年轻人陪同，经李劫夫院长提议，由秦咏诚陪他同去。</p><p>19日晚的车上，秦咏诚询问，萨尔图是什么地方。李劫夫告诉他：萨尔图是个大油田，叫大庆油田，当时还保密着。辗转到了大庆后，许多音乐家同住在大庆石油指挥部的招待所。</p><p>从第二天开始，油田为音乐家们安排了介绍有关石油方面知识的课程，从勘探、钻井到采油、炼油等一连十天，一天一个内容。</p><p>十天后，油田又安排他们深入一线体验生活。秦咏诚和李劫夫、王莘被安排在“铁人”王进喜担任队长的“1205英雄钻井队”，并在井队里和王进喜朝夕相处，一起生活了三天。这期间，王进喜向秦咏诚讲述了他1959年在北京开人民代表大会时，看到北京的公交车由于缺油背着煤气包而心情沉重，还听他讲述了大庆石油大会战的情景。</p><p>1960年春天，王进喜的钻井队正在玉门油田，听说北方发现了大油田，全国要在那里举行大会战，当即向上级请战。</p><p>他们告别了亲人，穿着单衣登上了北上的列车。面对着恶劣的气候、艰苦的生活和工作环境、简陋的设备，石油工人为了让国家早日甩掉“贫油”的帽子，打破西方敌对势力的经济封锁，以战天斗地、大无畏的英雄气概，喊出了“有条件要上，没有条件也要上”的响亮口号。</p><p>“石油工人一声吼，地球也要抖三抖”的大无畏革命英雄主义气概，使秦咏诚的心灵受到了强烈的震撼和巨大的冲击。特别是同王进喜和他的钻井队朝夕相处的几天里，秦咏诚对石油工人的认识得到了极大升华，情感上产生了强烈共鸣。</p><p>于是乎他就创作出了《我为祖国献石油》的曲谱。</p>', 3, '哆瑞咪发嗦啦西\n啦西啦西咪哆哆\n啦嗦咪嗦嗦～\n啦嗦咪哆哆～', 1705053574, 1705053574, NULL);

INSERT INTO `ls_questionbank_topic` (`id`, `questionbank_id`, `type`, `stem`, `illustration`, `option`, `answer`, `analysis`, `difficulty`, `points`, `create_time`, `update_time`, `delete_time`) VALUES (13, 3, 1, '1+1=  ', '', '[\"1\",\"2\",\"3\"]', '[1]', '<p>我为祖国献石油</p><p>1964年3月，中国音乐家协会组织作曲家到大庆油田体验生活，创作一批反映石油工人的作品。</p><p>沈阳音乐学院院长李劫夫也接到了通知，要求他务必在3月20日到黑龙江省的萨尔图报到。由于身体的原因，学院准备找一位年轻人陪同，经李劫夫院长提议，由秦咏诚陪他同去。</p><p>19日晚的车上，秦咏诚询问，萨尔图是什么地方。李劫夫告诉他：萨尔图是个大油田，叫大庆油田，当时还保密着。辗转到了大庆后，许多音乐家同住在大庆石油指挥部的招待所。</p><p>从第二天开始，油田为音乐家们安排了介绍有关石油方面知识的课程，从勘探、钻井到采油、炼油等一连十天，一天一个内容。</p><p>十天后，油田又安排他们深入一线体验生活。秦咏诚和李劫夫、王莘被安排在“铁人”王进喜担任队长的“1205英雄钻井队”，并在井队里和王进喜朝夕相处，一起生活了三天。这期间，王进喜向秦咏诚讲述了他1959年在北京开人民代表大会时，看到北京的公交车由于缺油背着煤气包而心情沉重，还听他讲述了大庆石油大会战的情景。</p><p>1960年春天，王进喜的钻井队正在玉门油田，听说北方发现了大油田，全国要在那里举行大会战，当即向上级请战。</p><p>他们告别了亲人，穿着单衣登上了北上的列车。面对着恶劣的气候、艰苦的生活和工作环境、简陋的设备，石油工人为了让国家早日甩掉“贫油”的帽子，打破西方敌对势力的经济封锁，以战天斗地、大无畏的英雄气概，喊出了“有条件要上，没有条件也要上”的响亮口号。</p><p>“石油工人一声吼，地球也要抖三抖”的大无畏革命英雄主义气概，使秦咏诚的心灵受到了强烈的震撼和巨大的冲击。特别是同王进喜和他的钻井队朝夕相处的几天里，秦咏诚对石油工人的认识得到了极大升华，情感上产生了强烈共鸣。</p><p>于是乎他就创作出了《我为祖国献石油》的曲谱。</p>', 3, '哆瑞咪发嗦啦西\n啦西啦西咪哆哆\n啦嗦咪嗦嗦～\n啦嗦咪哆哆～', 1705053694, 1705053694, NULL);

INSERT INTO `ls_questionbank_topic` (`id`, `questionbank_id`, `type`, `stem`, `illustration`, `option`, `answer`, `analysis`, `difficulty`, `points`, `create_time`, `update_time`, `delete_time`) VALUES (14, 3, 1, '1+2=  ', '', '[\"7\",\"8\",\"9\",\"3\"]', '[3]', '<p>我为祖国献石油</p><p>1964年3月，中国音乐家协会组织作曲家到大庆油田体验生活，创作一批反映石油工人的作品。</p><p>沈阳音乐学院院长李劫夫也接到了通知，要求他务必在3月20日到黑龙江省的萨尔图报到。由于身体的原因，学院准备找一位年轻人陪同，经李劫夫院长提议，由秦咏诚陪他同去。</p><p>19日晚的车上，秦咏诚询问，萨尔图是什么地方。李劫夫告诉他：萨尔图是个大油田，叫大庆油田，当时还保密着。辗转到了大庆后，许多音乐家同住在大庆石油指挥部的招待所。</p><p>从第二天开始，油田为音乐家们安排了介绍有关石油方面知识的课程，从勘探、钻井到采油、炼油等一连十天，一天一个内容。</p><p>十天后，油田又安排他们深入一线体验生活。秦咏诚和李劫夫、王莘被安排在“铁人”王进喜担任队长的“1205英雄钻井队”，并在井队里和王进喜朝夕相处，一起生活了三天。这期间，王进喜向秦咏诚讲述了他1959年在北京开人民代表大会时，看到北京的公交车由于缺油背着煤气包而心情沉重，还听他讲述了大庆石油大会战的情景。</p><p>1960年春天，王进喜的钻井队正在玉门油田，听说北方发现了大油田，全国要在那里举行大会战，当即向上级请战。</p><p>他们告别了亲人，穿着单衣登上了北上的列车。面对着恶劣的气候、艰苦的生活和工作环境、简陋的设备，石油工人为了让国家早日甩掉“贫油”的帽子，打破西方敌对势力的经济封锁，以战天斗地、大无畏的英雄气概，喊出了“有条件要上，没有条件也要上”的响亮口号。</p><p>“石油工人一声吼，地球也要抖三抖”的大无畏革命英雄主义气概，使秦咏诚的心灵受到了强烈的震撼和巨大的冲击。特别是同王进喜和他的钻井队朝夕相处的几天里，秦咏诚对石油工人的认识得到了极大升华，情感上产生了强烈共鸣。</p><p>于是乎他就创作出了《我为祖国献石油》的曲谱。</p>', 2, '哆瑞咪发嗦啦西\n啦西啦西咪哆哆\n啦嗦咪嗦嗦～\n啦嗦咪哆哆～', 1705053726, 1705053726, NULL);

INSERT INTO `ls_questionbank_topic` (`id`, `questionbank_id`, `type`, `stem`, `illustration`, `option`, `answer`, `analysis`, `difficulty`, `points`, `create_time`, `update_time`, `delete_time`) VALUES (15, 3, 1, '1+3=  ', '', '[\"7\",\"3\",\"4\",\"6\"]', '[2]', '<p>我为祖国献石油</p><p>1964年3月，中国音乐家协会组织作曲家到大庆油田体验生活，创作一批反映石油工人的作品。</p><p>沈阳音乐学院院长李劫夫也接到了通知，要求他务必在3月20日到黑龙江省的萨尔图报到。由于身体的原因，学院准备找一位年轻人陪同，经李劫夫院长提议，由秦咏诚陪他同去。</p><p>19日晚的车上，秦咏诚询问，萨尔图是什么地方。李劫夫告诉他：萨尔图是个大油田，叫大庆油田，当时还保密着。辗转到了大庆后，许多音乐家同住在大庆石油指挥部的招待所。</p><p>从第二天开始，油田为音乐家们安排了介绍有关石油方面知识的课程，从勘探、钻井到采油、炼油等一连十天，一天一个内容。</p><p>十天后，油田又安排他们深入一线体验生活。秦咏诚和李劫夫、王莘被安排在“铁人”王进喜担任队长的“1205英雄钻井队”，并在井队里和王进喜朝夕相处，一起生活了三天。这期间，王进喜向秦咏诚讲述了他1959年在北京开人民代表大会时，看到北京的公交车由于缺油背着煤气包而心情沉重，还听他讲述了大庆石油大会战的情景。</p><p>1960年春天，王进喜的钻井队正在玉门油田，听说北方发现了大油田，全国要在那里举行大会战，当即向上级请战。</p><p>他们告别了亲人，穿着单衣登上了北上的列车。面对着恶劣的气候、艰苦的生活和工作环境、简陋的设备，石油工人为了让国家早日甩掉“贫油”的帽子，打破西方敌对势力的经济封锁，以战天斗地、大无畏的英雄气概，喊出了“有条件要上，没有条件也要上”的响亮口号。</p><p>“石油工人一声吼，地球也要抖三抖”的大无畏革命英雄主义气概，使秦咏诚的心灵受到了强烈的震撼和巨大的冲击。特别是同王进喜和他的钻井队朝夕相处的几天里，秦咏诚对石油工人的认识得到了极大升华，情感上产生了强烈共鸣。</p><p>于是乎他就创作出了《我为祖国献石油》的曲谱。</p>', 1, '哆瑞咪发嗦啦西\n啦西啦西咪哆哆\n啦嗦咪嗦嗦～\n啦嗦咪哆哆～', 1705053752, 1705053752, NULL);

INSERT INTO `ls_questionbank_topic` (`id`, `questionbank_id`, `type`, `stem`, `illustration`, `option`, `answer`, `analysis`, `difficulty`, `points`, `create_time`, `update_time`, `delete_time`) VALUES (16, 3, 2, '下面哪些是数字', '', '[\"1\",\"\\u53f7\",\"2\",\"\\u7801\"]', '[0,2]', '<p>我为祖国献石油</p><p>1964年3月，中国音乐家协会组织作曲家到大庆油田体验生活，创作一批反映石油工人的作品。</p><p>沈阳音乐学院院长李劫夫也接到了通知，要求他务必在3月20日到黑龙江省的萨尔图报到。由于身体的原因，学院准备找一位年轻人陪同，经李劫夫院长提议，由秦咏诚陪他同去。</p><p>19日晚的车上，秦咏诚询问，萨尔图是什么地方。李劫夫告诉他：萨尔图是个大油田，叫大庆油田，当时还保密着。辗转到了大庆后，许多音乐家同住在大庆石油指挥部的招待所。</p><p>从第二天开始，油田为音乐家们安排了介绍有关石油方面知识的课程，从勘探、钻井到采油、炼油等一连十天，一天一个内容。</p><p>十天后，油田又安排他们深入一线体验生活。秦咏诚和李劫夫、王莘被安排在“铁人”王进喜担任队长的“1205英雄钻井队”，并在井队里和王进喜朝夕相处，一起生活了三天。这期间，王进喜向秦咏诚讲述了他1959年在北京开人民代表大会时，看到北京的公交车由于缺油背着煤气包而心情沉重，还听他讲述了大庆石油大会战的情景。</p><p>1960年春天，王进喜的钻井队正在玉门油田，听说北方发现了大油田，全国要在那里举行大会战，当即向上级请战。</p><p>他们告别了亲人，穿着单衣登上了北上的列车。面对着恶劣的气候、艰苦的生活和工作环境、简陋的设备，石油工人为了让国家早日甩掉“贫油”的帽子，打破西方敌对势力的经济封锁，以战天斗地、大无畏的英雄气概，喊出了“有条件要上，没有条件也要上”的响亮口号。</p><p>“石油工人一声吼，地球也要抖三抖”的大无畏革命英雄主义气概，使秦咏诚的心灵受到了强烈的震撼和巨大的冲击。特别是同王进喜和他的钻井队朝夕相处的几天里，秦咏诚对石油工人的认识得到了极大升华，情感上产生了强烈共鸣。</p><p>于是乎他就创作出了《我为祖国献石油》的曲谱。</p>', 1, '哆瑞咪发嗦啦西\n啦西啦西咪哆哆\n啦嗦咪嗦嗦～\n啦嗦咪哆哆～', 1705053824, 1705053834, NULL);

INSERT INTO `ls_questionbank_topic` (`id`, `questionbank_id`, `type`, `stem`, `illustration`, `option`, `answer`, `analysis`, `difficulty`, `points`, `create_time`, `update_time`, `delete_time`) VALUES (17, 4, 1, '小明折了9只纸飞机，比小军少折3只，小军折了几只纸飞机？', '', '[\"7\",\"8\",\"12\",\"16\"]', '[2]', '<p>我为祖国献石油</p><p>1964年3月，中国音乐家协会组织作曲家到大庆油田体验生活，创作一批反映石油工人的作品。</p><p>沈阳音乐学院院长李劫夫也接到了通知，要求他务必在3月20日到黑龙江省的萨尔图报到。由于身体的原因，学院准备找一位年轻人陪同，经李劫夫院长提议，由秦咏诚陪他同去。</p><p>19日晚的车上，秦咏诚询问，萨尔图是什么地方。李劫夫告诉他：萨尔图是个大油田，叫大庆油田，当时还保密着。辗转到了大庆后，许多音乐家同住在大庆石油指挥部的招待所。</p><p>从第二天开始，油田为音乐家们安排了介绍有关石油方面知识的课程，从勘探、钻井到采油、炼油等一连十天，一天一个内容。</p><p>十天后，油田又安排他们深入一线体验生活。秦咏诚和李劫夫、王莘被安排在“铁人”王进喜担任队长的“1205英雄钻井队”，并在井队里和王进喜朝夕相处，一起生活了三天。这期间，王进喜向秦咏诚讲述了他1959年在北京开人民代表大会时，看到北京的公交车由于缺油背着煤气包而心情沉重，还听他讲述了大庆石油大会战的情景。</p><p>1960年春天，王进喜的钻井队正在玉门油田，听说北方发现了大油田，全国要在那里举行大会战，当即向上级请战。</p><p>他们告别了亲人，穿着单衣登上了北上的列车。面对着恶劣的气候、艰苦的生活和工作环境、简陋的设备，石油工人为了让国家早日甩掉“贫油”的帽子，打破西方敌对势力的经济封锁，以战天斗地、大无畏的英雄气概，喊出了“有条件要上，没有条件也要上”的响亮口号。</p><p>“石油工人一声吼，地球也要抖三抖”的大无畏革命英雄主义气概，使秦咏诚的心灵受到了强烈的震撼和巨大的冲击。特别是同王进喜和他的钻井队朝夕相处的几天里，秦咏诚对石油工人的认识得到了极大升华，情感上产生了强烈共鸣。</p><p>于是乎他就创作出了《我为祖国献石油》的曲谱。</p>', 1, '哆瑞咪发嗦啦西\n啦西啦西咪哆哆\n啦嗦咪嗦嗦～\n啦嗦咪哆哆～', 1705054009, 1705054009, NULL);

INSERT INTO `ls_questionbank_topic` (`id`, `questionbank_id`, `type`, `stem`, `illustration`, `option`, `answer`, `analysis`, `difficulty`, `points`, `create_time`, `update_time`, `delete_time`) VALUES (18, 4, 1, '池塘的荷叶上有6只青蛙，跳来了3只，又跳走了4只。池塘里还有几只青蛙？', '', '[\"3\",\"5\",\"6\",\"9\"]', '[1]', '<p>我为祖国献石油</p><p>1964年3月，中国音乐家协会组织作曲家到大庆油田体验生活，创作一批反映石油工人的作品。</p><p>沈阳音乐学院院长李劫夫也接到了通知，要求他务必在3月20日到黑龙江省的萨尔图报到。由于身体的原因，学院准备找一位年轻人陪同，经李劫夫院长提议，由秦咏诚陪他同去。</p><p>19日晚的车上，秦咏诚询问，萨尔图是什么地方。李劫夫告诉他：萨尔图是个大油田，叫大庆油田，当时还保密着。辗转到了大庆后，许多音乐家同住在大庆石油指挥部的招待所。</p><p>从第二天开始，油田为音乐家们安排了介绍有关石油方面知识的课程，从勘探、钻井到采油、炼油等一连十天，一天一个内容。</p><p>十天后，油田又安排他们深入一线体验生活。秦咏诚和李劫夫、王莘被安排在“铁人”王进喜担任队长的“1205英雄钻井队”，并在井队里和王进喜朝夕相处，一起生活了三天。这期间，王进喜向秦咏诚讲述了他1959年在北京开人民代表大会时，看到北京的公交车由于缺油背着煤气包而心情沉重，还听他讲述了大庆石油大会战的情景。</p><p>1960年春天，王进喜的钻井队正在玉门油田，听说北方发现了大油田，全国要在那里举行大会战，当即向上级请战。</p><p>他们告别了亲人，穿着单衣登上了北上的列车。面对着恶劣的气候、艰苦的生活和工作环境、简陋的设备，石油工人为了让国家早日甩掉“贫油”的帽子，打破西方敌对势力的经济封锁，以战天斗地、大无畏的英雄气概，喊出了“有条件要上，没有条件也要上”的响亮口号。</p><p>“石油工人一声吼，地球也要抖三抖”的大无畏革命英雄主义气概，使秦咏诚的心灵受到了强烈的震撼和巨大的冲击。特别是同王进喜和他的钻井队朝夕相处的几天里，秦咏诚对石油工人的认识得到了极大升华，情感上产生了强烈共鸣。</p><p>于是乎他就创作出了《我为祖国献石油》的曲谱。</p>', 1, '哆瑞咪发嗦啦西\n啦西啦西咪哆哆\n啦嗦咪嗦嗦～\n啦嗦咪哆哆～', 1705054047, 1705054047, NULL);

INSERT INTO `ls_questionbank_topic` (`id`, `questionbank_id`, `type`, `stem`, `illustration`, `option`, `answer`, `analysis`, `difficulty`, `points`, `create_time`, `update_time`, `delete_time`) VALUES (19, 4, 1, '小丁丁做口算题对了21道，错了14道。他一共做了几道口算题？', '', '[\"35\",\"25\",\"39\",\"45\"]', '[0]', '<p>我为祖国献石油</p><p>1964年3月，中国音乐家协会组织作曲家到大庆油田体验生活，创作一批反映石油工人的作品。</p><p>沈阳音乐学院院长李劫夫也接到了通知，要求他务必在3月20日到黑龙江省的萨尔图报到。由于身体的原因，学院准备找一位年轻人陪同，经李劫夫院长提议，由秦咏诚陪他同去。</p><p>19日晚的车上，秦咏诚询问，萨尔图是什么地方。李劫夫告诉他：萨尔图是个大油田，叫大庆油田，当时还保密着。辗转到了大庆后，许多音乐家同住在大庆石油指挥部的招待所。</p><p>从第二天开始，油田为音乐家们安排了介绍有关石油方面知识的课程，从勘探、钻井到采油、炼油等一连十天，一天一个内容。</p><p>十天后，油田又安排他们深入一线体验生活。秦咏诚和李劫夫、王莘被安排在“铁人”王进喜担任队长的“1205英雄钻井队”，并在井队里和王进喜朝夕相处，一起生活了三天。这期间，王进喜向秦咏诚讲述了他1959年在北京开人民代表大会时，看到北京的公交车由于缺油背着煤气包而心情沉重，还听他讲述了大庆石油大会战的情景。</p><p>1960年春天，王进喜的钻井队正在玉门油田，听说北方发现了大油田，全国要在那里举行大会战，当即向上级请战。</p><p>他们告别了亲人，穿着单衣登上了北上的列车。面对着恶劣的气候、艰苦的生活和工作环境、简陋的设备，石油工人为了让国家早日甩掉“贫油”的帽子，打破西方敌对势力的经济封锁，以战天斗地、大无畏的英雄气概，喊出了“有条件要上，没有条件也要上”的响亮口号。</p><p>“石油工人一声吼，地球也要抖三抖”的大无畏革命英雄主义气概，使秦咏诚的心灵受到了强烈的震撼和巨大的冲击。特别是同王进喜和他的钻井队朝夕相处的几天里，秦咏诚对石油工人的认识得到了极大升华，情感上产生了强烈共鸣。</p><p>于是乎他就创作出了《我为祖国献石油》的曲谱。</p>', 1, '哆瑞咪发嗦啦西\n啦西啦西咪哆哆\n啦嗦咪嗦嗦～\n啦嗦咪哆哆～', 1705054079, 1705054079, NULL);

INSERT INTO `ls_questionbank_topic` (`id`, `questionbank_id`, `type`, `stem`, `illustration`, `option`, `answer`, `analysis`, `difficulty`, `points`, `create_time`, `update_time`, `delete_time`) VALUES (20, 4, 1, '篮子里有10个苹果，被小丁丁吃掉1个，又被爸爸吃掉2个。现在还有多少个？', '', '[\"4\",\"5\",\"6\",\"7\"]', '[3]', '<p>我为祖国献石油</p><p>1964年3月，中国音乐家协会组织作曲家到大庆油田体验生活，创作一批反映石油工人的作品。</p><p>沈阳音乐学院院长李劫夫也接到了通知，要求他务必在3月20日到黑龙江省的萨尔图报到。由于身体的原因，学院准备找一位年轻人陪同，经李劫夫院长提议，由秦咏诚陪他同去。</p><p>19日晚的车上，秦咏诚询问，萨尔图是什么地方。李劫夫告诉他：萨尔图是个大油田，叫大庆油田，当时还保密着。辗转到了大庆后，许多音乐家同住在大庆石油指挥部的招待所。</p><p>从第二天开始，油田为音乐家们安排了介绍有关石油方面知识的课程，从勘探、钻井到采油、炼油等一连十天，一天一个内容。</p><p>十天后，油田又安排他们深入一线体验生活。秦咏诚和李劫夫、王莘被安排在“铁人”王进喜担任队长的“1205英雄钻井队”，并在井队里和王进喜朝夕相处，一起生活了三天。这期间，王进喜向秦咏诚讲述了他1959年在北京开人民代表大会时，看到北京的公交车由于缺油背着煤气包而心情沉重，还听他讲述了大庆石油大会战的情景。</p><p>1960年春天，王进喜的钻井队正在玉门油田，听说北方发现了大油田，全国要在那里举行大会战，当即向上级请战。</p><p>他们告别了亲人，穿着单衣登上了北上的列车。面对着恶劣的气候、艰苦的生活和工作环境、简陋的设备，石油工人为了让国家早日甩掉“贫油”的帽子，打破西方敌对势力的经济封锁，以战天斗地、大无畏的英雄气概，喊出了“有条件要上，没有条件也要上”的响亮口号。</p><p>“石油工人一声吼，地球也要抖三抖”的大无畏革命英雄主义气概，使秦咏诚的心灵受到了强烈的震撼和巨大的冲击。特别是同王进喜和他的钻井队朝夕相处的几天里，秦咏诚对石油工人的认识得到了极大升华，情感上产生了强烈共鸣。</p><p>于是乎他就创作出了《我为祖国献石油》的曲谱。</p>', 1, '哆瑞咪发嗦啦西\n啦西啦西咪哆哆\n啦嗦咪嗦嗦～\n啦嗦咪哆哆～', 1705054109, 1705054109, NULL);

INSERT INTO `ls_questionbank_topic` (`id`, `questionbank_id`, `type`, `stem`, `illustration`, `option`, `answer`, `analysis`, `difficulty`, `points`, `create_time`, `update_time`, `delete_time`) VALUES (21, 4, 1, '猫妈妈钓来一些鱼，小花猫吃了一条，把剩下的一半分给了小白猫，小花猫又吃了1条，再把剩下的一半分给了小黑猫，这时，小花猫还有4条鱼，你能算出猫妈妈一共掉了多少条鱼吗？', '', '[\"15\",\"16\",\"17\",\"18\",\"19\"]', '[4]', '<p>我为祖国献石油</p><p>1964年3月，中国音乐家协会组织作曲家到大庆油田体验生活，创作一批反映石油工人的作品。</p><p>沈阳音乐学院院长李劫夫也接到了通知，要求他务必在3月20日到黑龙江省的萨尔图报到。由于身体的原因，学院准备找一位年轻人陪同，经李劫夫院长提议，由秦咏诚陪他同去。</p><p>19日晚的车上，秦咏诚询问，萨尔图是什么地方。李劫夫告诉他：萨尔图是个大油田，叫大庆油田，当时还保密着。辗转到了大庆后，许多音乐家同住在大庆石油指挥部的招待所。</p><p>从第二天开始，油田为音乐家们安排了介绍有关石油方面知识的课程，从勘探、钻井到采油、炼油等一连十天，一天一个内容。</p><p>十天后，油田又安排他们深入一线体验生活。秦咏诚和李劫夫、王莘被安排在“铁人”王进喜担任队长的“1205英雄钻井队”，并在井队里和王进喜朝夕相处，一起生活了三天。这期间，王进喜向秦咏诚讲述了他1959年在北京开人民代表大会时，看到北京的公交车由于缺油背着煤气包而心情沉重，还听他讲述了大庆石油大会战的情景。</p><p>1960年春天，王进喜的钻井队正在玉门油田，听说北方发现了大油田，全国要在那里举行大会战，当即向上级请战。</p><p>他们告别了亲人，穿着单衣登上了北上的列车。面对着恶劣的气候、艰苦的生活和工作环境、简陋的设备，石油工人为了让国家早日甩掉“贫油”的帽子，打破西方敌对势力的经济封锁，以战天斗地、大无畏的英雄气概，喊出了“有条件要上，没有条件也要上”的响亮口号。</p><p>“石油工人一声吼，地球也要抖三抖”的大无畏革命英雄主义气概，使秦咏诚的心灵受到了强烈的震撼和巨大的冲击。特别是同王进喜和他的钻井队朝夕相处的几天里，秦咏诚对石油工人的认识得到了极大升华，情感上产生了强烈共鸣。</p><p>于是乎他就创作出了《我为祖国献石油》的曲谱。</p>', 1, '哆瑞咪发嗦啦西\n啦西啦西咪哆哆\n啦嗦咪嗦嗦～\n啦嗦咪哆哆～', 1705054148, 1705054148, NULL);

INSERT INTO `ls_questionbank_topic` (`id`, `questionbank_id`, `type`, `stem`, `illustration`, `option`, `answer`, `analysis`, `difficulty`, `points`, `create_time`, `update_time`, `delete_time`) VALUES (22, 4, 2, '小红有16本故事书，比小芳多3本，比小明少两本。小芳和小明各有多少本故事书？', '', '[\"11\",\"13\",\"15\",\"18\"]', '[3,1]', '<p>我为祖国献石油</p><p>1964年3月，中国音乐家协会组织作曲家到大庆油田体验生活，创作一批反映石油工人的作品。</p><p>沈阳音乐学院院长李劫夫也接到了通知，要求他务必在3月20日到黑龙江省的萨尔图报到。由于身体的原因，学院准备找一位年轻人陪同，经李劫夫院长提议，由秦咏诚陪他同去。</p><p>19日晚的车上，秦咏诚询问，萨尔图是什么地方。李劫夫告诉他：萨尔图是个大油田，叫大庆油田，当时还保密着。辗转到了大庆后，许多音乐家同住在大庆石油指挥部的招待所。</p><p>从第二天开始，油田为音乐家们安排了介绍有关石油方面知识的课程，从勘探、钻井到采油、炼油等一连十天，一天一个内容。</p><p>十天后，油田又安排他们深入一线体验生活。秦咏诚和李劫夫、王莘被安排在“铁人”王进喜担任队长的“1205英雄钻井队”，并在井队里和王进喜朝夕相处，一起生活了三天。这期间，王进喜向秦咏诚讲述了他1959年在北京开人民代表大会时，看到北京的公交车由于缺油背着煤气包而心情沉重，还听他讲述了大庆石油大会战的情景。</p><p>1960年春天，王进喜的钻井队正在玉门油田，听说北方发现了大油田，全国要在那里举行大会战，当即向上级请战。</p><p>他们告别了亲人，穿着单衣登上了北上的列车。面对着恶劣的气候、艰苦的生活和工作环境、简陋的设备，石油工人为了让国家早日甩掉“贫油”的帽子，打破西方敌对势力的经济封锁，以战天斗地、大无畏的英雄气概，喊出了“有条件要上，没有条件也要上”的响亮口号。</p><p>“石油工人一声吼，地球也要抖三抖”的大无畏革命英雄主义气概，使秦咏诚的心灵受到了强烈的震撼和巨大的冲击。特别是同王进喜和他的钻井队朝夕相处的几天里，秦咏诚对石油工人的认识得到了极大升华，情感上产生了强烈共鸣。</p><p>于是乎他就创作出了《我为祖国献石油》的曲谱。</p>', 1, '哆瑞咪发嗦啦西\n啦西啦西咪哆哆\n啦嗦咪嗦嗦～\n啦嗦咪哆哆～', 1705054190, 1705054190, NULL);

INSERT INTO `ls_questionbank_topic` (`id`, `questionbank_id`, `type`, `stem`, `illustration`, `option`, `answer`, `analysis`, `difficulty`, `points`, `create_time`, `update_time`, `delete_time`) VALUES (23, 4, 2, '教室里有男生8人，女生10人，一共有几人？教室里有18人，走了5人，还剩几人？', '', '[\"10\",\"13\",\"18\",\"20\"]', '[1,2]', '<p>我为祖国献石油</p><p>1964年3月，中国音乐家协会组织作曲家到大庆油田体验生活，创作一批反映石油工人的作品。</p><p>沈阳音乐学院院长李劫夫也接到了通知，要求他务必在3月20日到黑龙江省的萨尔图报到。由于身体的原因，学院准备找一位年轻人陪同，经李劫夫院长提议，由秦咏诚陪他同去。</p><p>19日晚的车上，秦咏诚询问，萨尔图是什么地方。李劫夫告诉他：萨尔图是个大油田，叫大庆油田，当时还保密着。辗转到了大庆后，许多音乐家同住在大庆石油指挥部的招待所。</p><p>从第二天开始，油田为音乐家们安排了介绍有关石油方面知识的课程，从勘探、钻井到采油、炼油等一连十天，一天一个内容。</p><p>十天后，油田又安排他们深入一线体验生活。秦咏诚和李劫夫、王莘被安排在“铁人”王进喜担任队长的“1205英雄钻井队”，并在井队里和王进喜朝夕相处，一起生活了三天。这期间，王进喜向秦咏诚讲述了他1959年在北京开人民代表大会时，看到北京的公交车由于缺油背着煤气包而心情沉重，还听他讲述了大庆石油大会战的情景。</p><p>1960年春天，王进喜的钻井队正在玉门油田，听说北方发现了大油田，全国要在那里举行大会战，当即向上级请战。</p><p>他们告别了亲人，穿着单衣登上了北上的列车。面对着恶劣的气候、艰苦的生活和工作环境、简陋的设备，石油工人为了让国家早日甩掉“贫油”的帽子，打破西方敌对势力的经济封锁，以战天斗地、大无畏的英雄气概，喊出了“有条件要上，没有条件也要上”的响亮口号。</p><p>“石油工人一声吼，地球也要抖三抖”的大无畏革命英雄主义气概，使秦咏诚的心灵受到了强烈的震撼和巨大的冲击。特别是同王进喜和他的钻井队朝夕相处的几天里，秦咏诚对石油工人的认识得到了极大升华，情感上产生了强烈共鸣。</p><p>于是乎他就创作出了《我为祖国献石油》的曲谱。</p>', 1, '哆瑞咪发嗦啦西\n啦西啦西咪哆哆\n啦嗦咪嗦嗦～\n啦嗦咪哆哆～', 1705054244, 1705054244, NULL);

INSERT INTO `ls_questionbank_topic` (`id`, `questionbank_id`, `type`, `stem`, `illustration`, `option`, `answer`, `analysis`, `difficulty`, `points`, `create_time`, `update_time`, `delete_time`) VALUES (24, 5, 1, '《狼和七只小羊》中七只小羊全被狼吃掉了。', '', '[\"\\u5bf9\",\"\\u9519\"]', '[1]', '<p>我为祖国献石油</p><p>1964年3月，中国音乐家协会组织作曲家到大庆油田体验生活，创作一批反映石油工人的作品。</p><p>沈阳音乐学院院长李劫夫也接到了通知，要求他务必在3月20日到黑龙江省的萨尔图报到。由于身体的原因，学院准备找一位年轻人陪同，经李劫夫院长提议，由秦咏诚陪他同去。</p><p>19日晚的车上，秦咏诚询问，萨尔图是什么地方。李劫夫告诉他：萨尔图是个大油田，叫大庆油田，当时还保密着。辗转到了大庆后，许多音乐家同住在大庆石油指挥部的招待所。</p><p>从第二天开始，油田为音乐家们安排了介绍有关石油方面知识的课程，从勘探、钻井到采油、炼油等一连十天，一天一个内容。</p><p>十天后，油田又安排他们深入一线体验生活。秦咏诚和李劫夫、王莘被安排在“铁人”王进喜担任队长的“1205英雄钻井队”，并在井队里和王进喜朝夕相处，一起生活了三天。这期间，王进喜向秦咏诚讲述了他1959年在北京开人民代表大会时，看到北京的公交车由于缺油背着煤气包而心情沉重，还听他讲述了大庆石油大会战的情景。</p><p>1960年春天，王进喜的钻井队正在玉门油田，听说北方发现了大油田，全国要在那里举行大会战，当即向上级请战。</p><p>他们告别了亲人，穿着单衣登上了北上的列车。面对着恶劣的气候、艰苦的生活和工作环境、简陋的设备，石油工人为了让国家早日甩掉“贫油”的帽子，打破西方敌对势力的经济封锁，以战天斗地、大无畏的英雄气概，喊出了“有条件要上，没有条件也要上”的响亮口号。</p><p>“石油工人一声吼，地球也要抖三抖”的大无畏革命英雄主义气概，使秦咏诚的心灵受到了强烈的震撼和巨大的冲击。特别是同王进喜和他的钻井队朝夕相处的几天里，秦咏诚对石油工人的认识得到了极大升华，情感上产生了强烈共鸣。</p><p>于是乎他就创作出了《我为祖国献石油》的曲谱。</p>', 1, '哆瑞咪发嗦啦西\n啦西啦西咪哆哆\n啦嗦咪嗦嗦～\n啦嗦咪哆哆～', 1705054345, 1705054345, NULL);

INSERT INTO `ls_questionbank_topic` (`id`, `questionbank_id`, `type`, `stem`, `illustration`, `option`, `answer`, `analysis`, `difficulty`, `points`, `create_time`, `update_time`, `delete_time`) VALUES (25, 5, 1, '驴子只请猎狗和猫去不来城当音乐家。', '', '[\"\\u5bf9\",\"\\u9519\"]', '[1]', '<p>我为祖国献石油</p><p>1964年3月，中国音乐家协会组织作曲家到大庆油田体验生活，创作一批反映石油工人的作品。</p><p>沈阳音乐学院院长李劫夫也接到了通知，要求他务必在3月20日到黑龙江省的萨尔图报到。由于身体的原因，学院准备找一位年轻人陪同，经李劫夫院长提议，由秦咏诚陪他同去。</p><p>19日晚的车上，秦咏诚询问，萨尔图是什么地方。李劫夫告诉他：萨尔图是个大油田，叫大庆油田，当时还保密着。辗转到了大庆后，许多音乐家同住在大庆石油指挥部的招待所。</p><p>从第二天开始，油田为音乐家们安排了介绍有关石油方面知识的课程，从勘探、钻井到采油、炼油等一连十天，一天一个内容。</p><p>十天后，油田又安排他们深入一线体验生活。秦咏诚和李劫夫、王莘被安排在“铁人”王进喜担任队长的“1205英雄钻井队”，并在井队里和王进喜朝夕相处，一起生活了三天。这期间，王进喜向秦咏诚讲述了他1959年在北京开人民代表大会时，看到北京的公交车由于缺油背着煤气包而心情沉重，还听他讲述了大庆石油大会战的情景。</p><p>1960年春天，王进喜的钻井队正在玉门油田，听说北方发现了大油田，全国要在那里举行大会战，当即向上级请战。</p><p>他们告别了亲人，穿着单衣登上了北上的列车。面对着恶劣的气候、艰苦的生活和工作环境、简陋的设备，石油工人为了让国家早日甩掉“贫油”的帽子，打破西方敌对势力的经济封锁，以战天斗地、大无畏的英雄气概，喊出了“有条件要上，没有条件也要上”的响亮口号。</p><p>“石油工人一声吼，地球也要抖三抖”的大无畏革命英雄主义气概，使秦咏诚的心灵受到了强烈的震撼和巨大的冲击。特别是同王进喜和他的钻井队朝夕相处的几天里，秦咏诚对石油工人的认识得到了极大升华，情感上产生了强烈共鸣。</p><p>于是乎他就创作出了《我为祖国献石油》的曲谱。</p>', 1, '哆瑞咪发嗦啦西\n啦西啦西咪哆哆\n啦嗦咪嗦嗦～\n啦嗦咪哆哆～', 1705054376, 1705054376, NULL);

INSERT INTO `ls_questionbank_topic` (`id`, `questionbank_id`, `type`, `stem`, `illustration`, `option`, `answer`, `analysis`, `difficulty`, `points`, `create_time`, `update_time`, `delete_time`) VALUES (26, 5, 1, '《小精灵和老鞋匠》中老鞋匠一直过着贫穷的日子。', '', '[\"\\u5bf9\",\"\\u9519\"]', '[1]', '<p>我为祖国献石油</p><p>1964年3月，中国音乐家协会组织作曲家到大庆油田体验生活，创作一批反映石油工人的作品。</p><p>沈阳音乐学院院长李劫夫也接到了通知，要求他务必在3月20日到黑龙江省的萨尔图报到。由于身体的原因，学院准备找一位年轻人陪同，经李劫夫院长提议，由秦咏诚陪他同去。</p><p>19日晚的车上，秦咏诚询问，萨尔图是什么地方。李劫夫告诉他：萨尔图是个大油田，叫大庆油田，当时还保密着。辗转到了大庆后，许多音乐家同住在大庆石油指挥部的招待所。</p><p>从第二天开始，油田为音乐家们安排了介绍有关石油方面知识的课程，从勘探、钻井到采油、炼油等一连十天，一天一个内容。</p><p>十天后，油田又安排他们深入一线体验生活。秦咏诚和李劫夫、王莘被安排在“铁人”王进喜担任队长的“1205英雄钻井队”，并在井队里和王进喜朝夕相处，一起生活了三天。这期间，王进喜向秦咏诚讲述了他1959年在北京开人民代表大会时，看到北京的公交车由于缺油背着煤气包而心情沉重，还听他讲述了大庆石油大会战的情景。</p><p>1960年春天，王进喜的钻井队正在玉门油田，听说北方发现了大油田，全国要在那里举行大会战，当即向上级请战。</p><p>他们告别了亲人，穿着单衣登上了北上的列车。面对着恶劣的气候、艰苦的生活和工作环境、简陋的设备，石油工人为了让国家早日甩掉“贫油”的帽子，打破西方敌对势力的经济封锁，以战天斗地、大无畏的英雄气概，喊出了“有条件要上，没有条件也要上”的响亮口号。</p><p>“石油工人一声吼，地球也要抖三抖”的大无畏革命英雄主义气概，使秦咏诚的心灵受到了强烈的震撼和巨大的冲击。特别是同王进喜和他的钻井队朝夕相处的几天里，秦咏诚对石油工人的认识得到了极大升华，情感上产生了强烈共鸣。</p><p>于是乎他就创作出了《我为祖国献石油》的曲谱。</p>', 1, '哆瑞咪发嗦啦西\n啦西啦西咪哆哆\n啦嗦咪嗦嗦～\n啦嗦咪哆哆～', 1705054437, 1705054437, NULL);

INSERT INTO `ls_questionbank_topic` (`id`, `questionbank_id`, `type`, `stem`, `illustration`, `option`, `answer`, `analysis`, `difficulty`, `points`, `create_time`, `update_time`, `delete_time`) VALUES (27, 5, 1, '《白雪公主》中王后的仆人将白雪公主带到森林，但他并没有杀公主，而是让公主自己去逃生。', '', '[\"\\u5bf9\",\"\\u9519\"]', '[0]', '<p>我为祖国献石油</p><p>1964年3月，中国音乐家协会组织作曲家到大庆油田体验生活，创作一批反映石油工人的作品。</p><p>沈阳音乐学院院长李劫夫也接到了通知，要求他务必在3月20日到黑龙江省的萨尔图报到。由于身体的原因，学院准备找一位年轻人陪同，经李劫夫院长提议，由秦咏诚陪他同去。</p><p>19日晚的车上，秦咏诚询问，萨尔图是什么地方。李劫夫告诉他：萨尔图是个大油田，叫大庆油田，当时还保密着。辗转到了大庆后，许多音乐家同住在大庆石油指挥部的招待所。</p><p>从第二天开始，油田为音乐家们安排了介绍有关石油方面知识的课程，从勘探、钻井到采油、炼油等一连十天，一天一个内容。</p><p>十天后，油田又安排他们深入一线体验生活。秦咏诚和李劫夫、王莘被安排在“铁人”王进喜担任队长的“1205英雄钻井队”，并在井队里和王进喜朝夕相处，一起生活了三天。这期间，王进喜向秦咏诚讲述了他1959年在北京开人民代表大会时，看到北京的公交车由于缺油背着煤气包而心情沉重，还听他讲述了大庆石油大会战的情景。</p><p>1960年春天，王进喜的钻井队正在玉门油田，听说北方发现了大油田，全国要在那里举行大会战，当即向上级请战。</p><p>他们告别了亲人，穿着单衣登上了北上的列车。面对着恶劣的气候、艰苦的生活和工作环境、简陋的设备，石油工人为了让国家早日甩掉“贫油”的帽子，打破西方敌对势力的经济封锁，以战天斗地、大无畏的英雄气概，喊出了“有条件要上，没有条件也要上”的响亮口号。</p><p>“石油工人一声吼，地球也要抖三抖”的大无畏革命英雄主义气概，使秦咏诚的心灵受到了强烈的震撼和巨大的冲击。特别是同王进喜和他的钻井队朝夕相处的几天里，秦咏诚对石油工人的认识得到了极大升华，情感上产生了强烈共鸣。</p><p>于是乎他就创作出了《我为祖国献石油》的曲谱。</p>', 1, '哆瑞咪发嗦啦西\n啦西啦西咪哆哆\n啦嗦咪嗦嗦～\n啦嗦咪哆哆～', 1705054490, 1705054490, NULL);

INSERT INTO `ls_questionbank_topic` (`id`, `questionbank_id`, `type`, `stem`, `illustration`, `option`, `answer`, `analysis`, `difficulty`, `points`, `create_time`, `update_time`, `delete_time`) VALUES (28, 5, 1, '《莴苣姑娘》中的女巫每当想去高塔里看莴苣姑娘时，就会顺着莴苣姑娘的长发爬上去。', '', '[\"\\u5bf9\",\"\\u9519\"]', '[0]', '<p>我为祖国献石油</p><p>1964年3月，中国音乐家协会组织作曲家到大庆油田体验生活，创作一批反映石油工人的作品。</p><p>沈阳音乐学院院长李劫夫也接到了通知，要求他务必在3月20日到黑龙江省的萨尔图报到。由于身体的原因，学院准备找一位年轻人陪同，经李劫夫院长提议，由秦咏诚陪他同去。</p><p>19日晚的车上，秦咏诚询问，萨尔图是什么地方。李劫夫告诉他：萨尔图是个大油田，叫大庆油田，当时还保密着。辗转到了大庆后，许多音乐家同住在大庆石油指挥部的招待所。</p><p>从第二天开始，油田为音乐家们安排了介绍有关石油方面知识的课程，从勘探、钻井到采油、炼油等一连十天，一天一个内容。</p><p>十天后，油田又安排他们深入一线体验生活。秦咏诚和李劫夫、王莘被安排在“铁人”王进喜担任队长的“1205英雄钻井队”，并在井队里和王进喜朝夕相处，一起生活了三天。这期间，王进喜向秦咏诚讲述了他1959年在北京开人民代表大会时，看到北京的公交车由于缺油背着煤气包而心情沉重，还听他讲述了大庆石油大会战的情景。</p><p>1960年春天，王进喜的钻井队正在玉门油田，听说北方发现了大油田，全国要在那里举行大会战，当即向上级请战。</p><p>他们告别了亲人，穿着单衣登上了北上的列车。面对着恶劣的气候、艰苦的生活和工作环境、简陋的设备，石油工人为了让国家早日甩掉“贫油”的帽子，打破西方敌对势力的经济封锁，以战天斗地、大无畏的英雄气概，喊出了“有条件要上，没有条件也要上”的响亮口号。</p><p>“石油工人一声吼，地球也要抖三抖”的大无畏革命英雄主义气概，使秦咏诚的心灵受到了强烈的震撼和巨大的冲击。特别是同王进喜和他的钻井队朝夕相处的几天里，秦咏诚对石油工人的认识得到了极大升华，情感上产生了强烈共鸣。</p><p>于是乎他就创作出了《我为祖国献石油》的曲谱。</p>', 1, '哆瑞咪发嗦啦西\n啦西啦西咪哆哆\n啦嗦咪嗦嗦～\n啦嗦咪哆哆～', 1705054541, 1705054541, NULL);

INSERT INTO `ls_questionbank_topic` (`id`, `questionbank_id`, `type`, `stem`, `illustration`, `option`, `answer`, `analysis`, `difficulty`, `points`, `create_time`, `update_time`, `delete_time`) VALUES (29, 5, 2, '下面哪些是诗人', '', '[\"\\u674e\\u767d\",\"\\u675c\\u752b\",\"\\u738b\\u7ef4\",\"\\u767d\\u5c45\\u6613\"]', '[0,1,2,3]', '<p>我为祖国献石油</p><p>1964年3月，中国音乐家协会组织作曲家到大庆油田体验生活，创作一批反映石油工人的作品。</p><p>沈阳音乐学院院长李劫夫也接到了通知，要求他务必在3月20日到黑龙江省的萨尔图报到。由于身体的原因，学院准备找一位年轻人陪同，经李劫夫院长提议，由秦咏诚陪他同去。</p><p>19日晚的车上，秦咏诚询问，萨尔图是什么地方。李劫夫告诉他：萨尔图是个大油田，叫大庆油田，当时还保密着。辗转到了大庆后，许多音乐家同住在大庆石油指挥部的招待所。</p><p>从第二天开始，油田为音乐家们安排了介绍有关石油方面知识的课程，从勘探、钻井到采油、炼油等一连十天，一天一个内容。</p><p>十天后，油田又安排他们深入一线体验生活。秦咏诚和李劫夫、王莘被安排在“铁人”王进喜担任队长的“1205英雄钻井队”，并在井队里和王进喜朝夕相处，一起生活了三天。这期间，王进喜向秦咏诚讲述了他1959年在北京开人民代表大会时，看到北京的公交车由于缺油背着煤气包而心情沉重，还听他讲述了大庆石油大会战的情景。</p><p>1960年春天，王进喜的钻井队正在玉门油田，听说北方发现了大油田，全国要在那里举行大会战，当即向上级请战。</p><p>他们告别了亲人，穿着单衣登上了北上的列车。面对着恶劣的气候、艰苦的生活和工作环境、简陋的设备，石油工人为了让国家早日甩掉“贫油”的帽子，打破西方敌对势力的经济封锁，以战天斗地、大无畏的英雄气概，喊出了“有条件要上，没有条件也要上”的响亮口号。</p><p>“石油工人一声吼，地球也要抖三抖”的大无畏革命英雄主义气概，使秦咏诚的心灵受到了强烈的震撼和巨大的冲击。特别是同王进喜和他的钻井队朝夕相处的几天里，秦咏诚对石油工人的认识得到了极大升华，情感上产生了强烈共鸣。</p><p>于是乎他就创作出了《我为祖国献石油》的曲谱。</p>', 1, '哆瑞咪发嗦啦西\n啦西啦西咪哆哆\n啦嗦咪嗦嗦～\n啦嗦咪哆哆～', 1705054938, 1705054938, NULL);

INSERT INTO `ls_questionbank_topic` (`id`, `questionbank_id`, `type`, `stem`, `illustration`, `option`, `answer`, `analysis`, `difficulty`, `points`, `create_time`, `update_time`, `delete_time`) VALUES (30, 6, 1, '“藏粮于地，藏粮于技”是习近平总书记对粮食安全的战略部署，“软硬件”同时发力将助力提升农业生产率和土地产出率。随着现代科技手段的注入，农业科技创新既帮助农民不断克服疫情带来的影响，又让农业生产更加精准高效。袁隆平的超级杂交水稻、李登海的紧凑型杂交玉米……一批又一批领先国际的粮食品种不断被培育出来。从地瘠“斗笠田”到丰产“吨粮田”，从“汗滴禾下土”到“无接触式春耕”，从“灾殃难测”到“高科技防灾”，现代科技为我国农耕注入了“硬核生产力”。这就意味着粮食丰收，库存充裕，藏粮于民，才会国泰民安。最适合做这段文字标题的是：', '', '[\"\\u6c11\\u4e3a\\u56fd\\u57fa\\uff0c\\u8c37\\u4e3a\\u6c11\\u547d\",\"\\u7cae\\u98df\\u751f\\u4ea7\\u201c\\u7a33\\u201d\\u5b57\\u5f53\\u5934\",\"\\u85cf\\u7cae\\u4e8e\\u6c11\\uff0c\\u624d\\u80fd\\u56fd\\u6cf0\\u6c11\\u5b89\",\"\\u63d0\\u5347\\u79d1\\u6280\\u6c34\\u5e73\\uff0c\\u4fdd\\u969c\\u7cae\\u98df\\u5b89\\u5168\"]', '[2]', '<p>我为祖国献石油</p><p>1964年3月，中国音乐家协会组织作曲家到大庆油田体验生活，创作一批反映石油工人的作品。</p><p>沈阳音乐学院院长李劫夫也接到了通知，要求他务必在3月20日到黑龙江省的萨尔图报到。由于身体的原因，学院准备找一位年轻人陪同，经李劫夫院长提议，由秦咏诚陪他同去。</p><p>19日晚的车上，秦咏诚询问，萨尔图是什么地方。李劫夫告诉他：萨尔图是个大油田，叫大庆油田，当时还保密着。辗转到了大庆后，许多音乐家同住在大庆石油指挥部的招待所。</p><p>从第二天开始，油田为音乐家们安排了介绍有关石油方面知识的课程，从勘探、钻井到采油、炼油等一连十天，一天一个内容。</p><p>十天后，油田又安排他们深入一线体验生活。秦咏诚和李劫夫、王莘被安排在“铁人”王进喜担任队长的“1205英雄钻井队”，并在井队里和王进喜朝夕相处，一起生活了三天。这期间，王进喜向秦咏诚讲述了他1959年在北京开人民代表大会时，看到北京的公交车由于缺油背着煤气包而心情沉重，还听他讲述了大庆石油大会战的情景。</p><p>1960年春天，王进喜的钻井队正在玉门油田，听说北方发现了大油田，全国要在那里举行大会战，当即向上级请战。</p><p>他们告别了亲人，穿着单衣登上了北上的列车。面对着恶劣的气候、艰苦的生活和工作环境、简陋的设备，石油工人为了让国家早日甩掉“贫油”的帽子，打破西方敌对势力的经济封锁，以战天斗地、大无畏的英雄气概，喊出了“有条件要上，没有条件也要上”的响亮口号。</p><p>“石油工人一声吼，地球也要抖三抖”的大无畏革命英雄主义气概，使秦咏诚的心灵受到了强烈的震撼和巨大的冲击。特别是同王进喜和他的钻井队朝夕相处的几天里，秦咏诚对石油工人的认识得到了极大升华，情感上产生了强烈共鸣。</p><p>于是乎他就创作出了《我为祖国献石油》的曲谱。</p>', 1, '哆瑞咪发嗦啦西\n啦西啦西咪哆哆\n啦嗦咪嗦嗦～\n啦嗦咪哆哆～', 1705055203, 1705055203, NULL);

INSERT INTO `ls_questionbank_topic` (`id`, `questionbank_id`, `type`, `stem`, `illustration`, `option`, `answer`, `analysis`, `difficulty`, `points`, `create_time`, `update_time`, `delete_time`) VALUES (31, 6, 1, '一般而言，城市群之间的交通干线分布着许多城市，聚集着大量产业和人口，从而构成经济带。加强经济带规划和经济带上城市建设，是建设现代化区域发展体系和促进区域协调发展的重要方面。为此，应依托重要交通干线聚集经济要素，形成纵向或横向的经济发展轴，充分发挥其对统筹区域协调发展的作用。比如，沿海经济带、长江经济带、陇海兰新经济带和京广京哈经济带等已经集聚了大量人口、产业，城市分布也比较密集，形成了比较明显的经济发展轴，已成为承东启西、连南贯北的经济主骨架。这段文字意在说明：', '', '[\"\\u7ecf\\u6d4e\\u5e26\\u5efa\\u8bbe\\u5bf9\\u533a\\u57df\\u534f\\u8c03\\u53d1\\u5c55\\u5177\\u6709\\u91cd\\u8981\\u610f\\u4e49\",\"\\u6211\\u56fd\\u533a\\u57df\\u7ecf\\u6d4e\\u53d1\\u5c55\\u5e94\\u4ee5\\u57ce\\u5e02\\u7fa4\\u5efa\\u8bbe\\u4e3a\\u4f9d\\u6258\",\"\\u4ea4\\u901a\\u5e72\\u7ebf\\u627f\\u62c5\\u7740\\u805a\\u96c6\\u7ecf\\u6d4e\\u8981\\u7d20\\u7684\\u91cd\\u5927\\u4f7f\\u547d\",\"\\u5f62\\u6210\\u7ecf\\u6d4e\\u53d1\\u5c55\\u8f74\\u662f\\u57ce\\u5e02\\u7fa4\\u5efa\\u8bbe\\u7684\\u957f\\u8fdc\\u76ee\\u6807\"]', '[0]', '<p>我为祖国献石油</p><p>1964年3月，中国音乐家协会组织作曲家到大庆油田体验生活，创作一批反映石油工人的作品。</p><p>沈阳音乐学院院长李劫夫也接到了通知，要求他务必在3月20日到黑龙江省的萨尔图报到。由于身体的原因，学院准备找一位年轻人陪同，经李劫夫院长提议，由秦咏诚陪他同去。</p><p>19日晚的车上，秦咏诚询问，萨尔图是什么地方。李劫夫告诉他：萨尔图是个大油田，叫大庆油田，当时还保密着。辗转到了大庆后，许多音乐家同住在大庆石油指挥部的招待所。</p><p>从第二天开始，油田为音乐家们安排了介绍有关石油方面知识的课程，从勘探、钻井到采油、炼油等一连十天，一天一个内容。</p><p>十天后，油田又安排他们深入一线体验生活。秦咏诚和李劫夫、王莘被安排在“铁人”王进喜担任队长的“1205英雄钻井队”，并在井队里和王进喜朝夕相处，一起生活了三天。这期间，王进喜向秦咏诚讲述了他1959年在北京开人民代表大会时，看到北京的公交车由于缺油背着煤气包而心情沉重，还听他讲述了大庆石油大会战的情景。</p><p>1960年春天，王进喜的钻井队正在玉门油田，听说北方发现了大油田，全国要在那里举行大会战，当即向上级请战。</p><p>他们告别了亲人，穿着单衣登上了北上的列车。面对着恶劣的气候、艰苦的生活和工作环境、简陋的设备，石油工人为了让国家早日甩掉“贫油”的帽子，打破西方敌对势力的经济封锁，以战天斗地、大无畏的英雄气概，喊出了“有条件要上，没有条件也要上”的响亮口号。</p><p>“石油工人一声吼，地球也要抖三抖”的大无畏革命英雄主义气概，使秦咏诚的心灵受到了强烈的震撼和巨大的冲击。特别是同王进喜和他的钻井队朝夕相处的几天里，秦咏诚对石油工人的认识得到了极大升华，情感上产生了强烈共鸣。</p><p>于是乎他就创作出了《我为祖国献石油》的曲谱。</p>', 1, '哆瑞咪发嗦啦西\n啦西啦西咪哆哆\n啦嗦咪嗦嗦～\n啦嗦咪哆哆～', 1705055255, 1705055255, NULL);

INSERT INTO `ls_questionbank_topic` (`id`, `questionbank_id`, `type`, `stem`, `illustration`, `option`, `answer`, `analysis`, `difficulty`, `points`, `create_time`, `update_time`, `delete_time`) VALUES (32, 6, 1, '早在先秦时期，我国就逐渐形成了以炎黄华夏为凝聚核心，“五方之民”共天下的交融格局。秦国“书同文，车同轨，量同衡，行同伦”，开启了中国统一的多民族国家发展的历程。此后，无论哪个民族入主中原，都以统一天下为己任、都以中华文化的正统自居。分立如南北朝，都自诩中华正统；对峙如宋辽夏金，都被称为“桃花石”；统一如秦汉、隋唐、元明清，更是“六合同风、九州共贯”。秦汉雄风、大唐气象、康乾盛世，都是各民族共同铸就的历史。今天，我们实现中国梦，就要紧紧依靠各族人民的力量。这段文字意在说明：', '', '[\"\\u6211\\u4eec\\u60a0\\u4e45\\u7684\\u5386\\u53f2\\u662f\\u5404\\u6c11\\u65cf\\u5171\\u540c\\u4e66\\u5199\\u7684\",\"\\u6211\\u4eec\\u8fbd\\u9614\\u7684\\u7586\\u57df\\u662f\\u5404\\u6c11\\u65cf\\u5171\\u540c\\u5f00\\u62d3\\u7684\",\"\\u6211\\u4eec\\u707f\\u70c2\\u7684\\u6587\\u5316\\u662f\\u5404\\u6c11\\u65cf\\u5171\\u540c\\u521b\\u9020\\u7684\",\"\\u6211\\u4eec\\u4f1f\\u5927\\u7684\\u7cbe\\u795e\\u662f\\u5404\\u6c11\\u65cf\\u5171\\u540c\\u57f9\\u80b2\\u7684\"]', '[2]', '<p>我为祖国献石油</p><p>1964年3月，中国音乐家协会组织作曲家到大庆油田体验生活，创作一批反映石油工人的作品。</p><p>沈阳音乐学院院长李劫夫也接到了通知，要求他务必在3月20日到黑龙江省的萨尔图报到。由于身体的原因，学院准备找一位年轻人陪同，经李劫夫院长提议，由秦咏诚陪他同去。</p><p>19日晚的车上，秦咏诚询问，萨尔图是什么地方。李劫夫告诉他：萨尔图是个大油田，叫大庆油田，当时还保密着。辗转到了大庆后，许多音乐家同住在大庆石油指挥部的招待所。</p><p>从第二天开始，油田为音乐家们安排了介绍有关石油方面知识的课程，从勘探、钻井到采油、炼油等一连十天，一天一个内容。</p><p>十天后，油田又安排他们深入一线体验生活。秦咏诚和李劫夫、王莘被安排在“铁人”王进喜担任队长的“1205英雄钻井队”，并在井队里和王进喜朝夕相处，一起生活了三天。这期间，王进喜向秦咏诚讲述了他1959年在北京开人民代表大会时，看到北京的公交车由于缺油背着煤气包而心情沉重，还听他讲述了大庆石油大会战的情景。</p><p>1960年春天，王进喜的钻井队正在玉门油田，听说北方发现了大油田，全国要在那里举行大会战，当即向上级请战。</p><p>他们告别了亲人，穿着单衣登上了北上的列车。面对着恶劣的气候、艰苦的生活和工作环境、简陋的设备，石油工人为了让国家早日甩掉“贫油”的帽子，打破西方敌对势力的经济封锁，以战天斗地、大无畏的英雄气概，喊出了“有条件要上，没有条件也要上”的响亮口号。</p><p>“石油工人一声吼，地球也要抖三抖”的大无畏革命英雄主义气概，使秦咏诚的心灵受到了强烈的震撼和巨大的冲击。特别是同王进喜和他的钻井队朝夕相处的几天里，秦咏诚对石油工人的认识得到了极大升华，情感上产生了强烈共鸣。</p><p>于是乎他就创作出了《我为祖国献石油》的曲谱。</p>', 3, '哆瑞咪发嗦啦西\n啦西啦西咪哆哆\n啦嗦咪嗦嗦～\n啦嗦咪哆哆～', 1705055302, 1705055302, NULL);

INSERT INTO `ls_questionbank_topic` (`id`, `questionbank_id`, `type`, `stem`, `illustration`, `option`, `answer`, `analysis`, `difficulty`, `points`, `create_time`, `update_time`, `delete_time`) VALUES (33, 6, 1, '港珠澳大桥的沉管隧道是世界岛隧工程历史上首个真正意义上的外海深水安装沉管隧道，具有划时代的意义。大桥主体结构的设计使用寿命长达120年，这意味着在一个多世纪的时间里，桥体的核心结构，尤其是6.7公里长的沉管隧道不能出现丝毫的质量问题。大桥的隧道由33节沉管连接而成，每节标准沉管相当于一艘满载的“辽宁号”航母。如此巨大的沉管，还要保证0.5毫米以下这一苛刻的误差限度，这使得它的运输过程不允许出现丝毫差池——不能远距离运输，更不可能在陆地上建好再辗转进入海中。因此，工程师们在距离大桥不远的桂山牛头岛，专门建设了一座沉管管节预制工厂，并采用最先进的流水线进行生产。关于珠港澳大桥，这段文字主要介绍的是：', '', '[\"\\u4e3b\\u4f53\\u7ed3\\u6784\\u7684\\u8bbe\\u8ba1\\u6807\\u51c6\",\"\\u65bd\\u5de5\\u4e2d\\u5bf9\\u8d28\\u91cf\\u7684\\u4e25\\u683c\\u628a\\u63a7\",\"\\u4fdd\\u8bc1\\u6838\\u5fc3\\u7ed3\\u6784\\u8d28\\u91cf\\u7684\\u63aa\\u65bd\",\"\\u5728\\u4e16\\u754c\\u6865\\u6881\\u53f2\\u4e0a\\u7684\\u6807\\u5fd7\\u610f\\u4e49\"]', '[1]', '<p>我为祖国献石油</p><p>1964年3月，中国音乐家协会组织作曲家到大庆油田体验生活，创作一批反映石油工人的作品。</p><p>沈阳音乐学院院长李劫夫也接到了通知，要求他务必在3月20日到黑龙江省的萨尔图报到。由于身体的原因，学院准备找一位年轻人陪同，经李劫夫院长提议，由秦咏诚陪他同去。</p><p>19日晚的车上，秦咏诚询问，萨尔图是什么地方。李劫夫告诉他：萨尔图是个大油田，叫大庆油田，当时还保密着。辗转到了大庆后，许多音乐家同住在大庆石油指挥部的招待所。</p><p>从第二天开始，油田为音乐家们安排了介绍有关石油方面知识的课程，从勘探、钻井到采油、炼油等一连十天，一天一个内容。</p><p>十天后，油田又安排他们深入一线体验生活。秦咏诚和李劫夫、王莘被安排在“铁人”王进喜担任队长的“1205英雄钻井队”，并在井队里和王进喜朝夕相处，一起生活了三天。这期间，王进喜向秦咏诚讲述了他1959年在北京开人民代表大会时，看到北京的公交车由于缺油背着煤气包而心情沉重，还听他讲述了大庆石油大会战的情景。</p><p>1960年春天，王进喜的钻井队正在玉门油田，听说北方发现了大油田，全国要在那里举行大会战，当即向上级请战。</p><p>他们告别了亲人，穿着单衣登上了北上的列车。面对着恶劣的气候、艰苦的生活和工作环境、简陋的设备，石油工人为了让国家早日甩掉“贫油”的帽子，打破西方敌对势力的经济封锁，以战天斗地、大无畏的英雄气概，喊出了“有条件要上，没有条件也要上”的响亮口号。</p><p>“石油工人一声吼，地球也要抖三抖”的大无畏革命英雄主义气概，使秦咏诚的心灵受到了强烈的震撼和巨大的冲击。特别是同王进喜和他的钻井队朝夕相处的几天里，秦咏诚对石油工人的认识得到了极大升华，情感上产生了强烈共鸣。</p><p>于是乎他就创作出了《我为祖国献石油》的曲谱。</p>', 2, '哆瑞咪发嗦啦西\n啦西啦西咪哆哆\n啦嗦咪嗦嗦～\n啦嗦咪哆哆～', 1705055349, 1705055349, NULL);

INSERT INTO `ls_questionbank_topic` (`id`, `questionbank_id`, `type`, `stem`, `illustration`, `option`, `answer`, `analysis`, `difficulty`, `points`, `create_time`, `update_time`, `delete_time`) VALUES (34, 6, 1, '传统的文明标准有三个，即文字、青铜器和城市。但后来许多考古学家发现，由于区域不同，文明的差异也很大，这个判断标准不但行不通，还会给考古工作带来阻碍。现如今，国际上对文明的判断标准主要是：已进入国家社会形态，具有一套礼仪系统和统治管理制度。良渚文化虽未有青铜器和较为成熟的文字，但具有早期国家社会形态和较为完整的礼仪系统以及管理制度，还具有许多东方文明的因素。有良渚文化考古研究员甚至认为，良渚文化是东方早期一个集大成的文明。这段文字意在强调：', '', '[\"\\u57ce\\u5e02\\u5e94\\u8be5\\u6210\\u4e3a\\u8ba4\\u5b9a\\u6587\\u660e\\u7684\\u9996\\u8981\\u6807\\u51c6\",\"\\u826f\\u6e1a\\u6587\\u5316\\u7b26\\u5408\\u901a\\u884c\\u7684\\u6587\\u660e\\u5224\\u65ad\\u6807\\u51c6\",\"\\u4f20\\u7edf\\u7684\\u6587\\u660e\\u8bc4\\u5224\\u6807\\u51c6\\u4ecd\\u5177\\u6709\\u73b0\\u5b9e\\u610f\\u4e49\",\"\\u826f\\u6e1a\\u6587\\u5316\\u98a0\\u8986\\u4e86\\u4f20\\u7edf\\u4e0a\\u5bf9\\u6587\\u660e\\u7684\\u8ba4\\u8bc6\"]', '[3]', '<p>我为祖国献石油</p><p>1964年3月，中国音乐家协会组织作曲家到大庆油田体验生活，创作一批反映石油工人的作品。</p><p>沈阳音乐学院院长李劫夫也接到了通知，要求他务必在3月20日到黑龙江省的萨尔图报到。由于身体的原因，学院准备找一位年轻人陪同，经李劫夫院长提议，由秦咏诚陪他同去。</p><p>19日晚的车上，秦咏诚询问，萨尔图是什么地方。李劫夫告诉他：萨尔图是个大油田，叫大庆油田，当时还保密着。辗转到了大庆后，许多音乐家同住在大庆石油指挥部的招待所。</p><p>从第二天开始，油田为音乐家们安排了介绍有关石油方面知识的课程，从勘探、钻井到采油、炼油等一连十天，一天一个内容。</p><p>十天后，油田又安排他们深入一线体验生活。秦咏诚和李劫夫、王莘被安排在“铁人”王进喜担任队长的“1205英雄钻井队”，并在井队里和王进喜朝夕相处，一起生活了三天。这期间，王进喜向秦咏诚讲述了他1959年在北京开人民代表大会时，看到北京的公交车由于缺油背着煤气包而心情沉重，还听他讲述了大庆石油大会战的情景。</p><p>1960年春天，王进喜的钻井队正在玉门油田，听说北方发现了大油田，全国要在那里举行大会战，当即向上级请战。</p><p>他们告别了亲人，穿着单衣登上了北上的列车。面对着恶劣的气候、艰苦的生活和工作环境、简陋的设备，石油工人为了让国家早日甩掉“贫油”的帽子，打破西方敌对势力的经济封锁，以战天斗地、大无畏的英雄气概，喊出了“有条件要上，没有条件也要上”的响亮口号。</p><p>“石油工人一声吼，地球也要抖三抖”的大无畏革命英雄主义气概，使秦咏诚的心灵受到了强烈的震撼和巨大的冲击。特别是同王进喜和他的钻井队朝夕相处的几天里，秦咏诚对石油工人的认识得到了极大升华，情感上产生了强烈共鸣。</p><p>于是乎他就创作出了《我为祖国献石油》的曲谱。</p>', 3, '哆瑞咪发嗦啦西\n啦西啦西咪哆哆\n啦嗦咪嗦嗦～\n啦嗦咪哆哆～', 1705055393, 1705055393, NULL);

INSERT INTO `ls_subject` (`id`, `name`, `cover`, `image`, `sort`, `status`, `create_time`, `update_time`, `delete_time`) VALUES (1, '123', 'uploads/images/2022120915324170b5a2962.png', 'uploads/images/2022120915324170b5a2962.png', 0, 1, 1670585470, 1670585470, NULL);

INSERT INTO `ls_teacher` (`id`, `number`, `name`, `avatar`, `gender`, `synopsis`, `introduce`, `status`, `sort`, `create_time`, `update_time`, `delete_time`) VALUES (1, 55572486, '李富贵', 'uploads/images/20221207172140987727676.png', 1, '高级讲师', '<p><br></p>', 1, 0, 1670403138, 1670558890, NULL);

INSERT INTO `ls_teacher` (`id`, `number`, `name`, `avatar`, `gender`, `synopsis`, `introduce`, `status`, `sort`, `create_time`, `update_time`, `delete_time`) VALUES (2, 97543689, '小青老师', 'uploads/images/20221207172147aea632933.png', 1, '三年教学经验', '<p><br></p>', 1, 0, 1670403156, 1670404949, NULL);

INSERT INTO `ls_teacher` (`id`, `number`, `name`, `avatar`, `gender`, `synopsis`, `introduce`, `status`, `sort`, `create_time`, `update_time`, `delete_time`) VALUES (3, 34901100, '小于老师', 'uploads/images/20221207172147aea632933.png', 2, '讲师', '<p><br></p>', 1, 0, 1670409942, 1670558876, NULL);

SET FOREIGN_KEY_CHECKS = 1;